<Event xmlns='http://schemas.microsoft.com/win/2004/08/events/event'><System><Provider Name='PowerShell'/><EventID Qualifiers='0'>600</EventID><Version>0</Version><Level>4</Level><Task>6</Task><Opcode>0</Opcode><Keywords>0x80000000000000</Keywords><TimeCreated SystemTime='2020-08-21T19:11:45.0695522Z'/><EventRecordID>1</EventRecordID><Correlation/><Execution ProcessID='0' ThreadID='0'/><Channel>Windows PowerShell</Channel><Computer>hswnpdadvm</Computer><Security/></System><EventData><Data>Registry</Data><Data>Started</Data><Data>	ProviderName=Registry
	NewProviderState=Started

	SequenceNumber=1

	HostName=ConsoleHost
	HostVersion=5.1.19041.1
	HostId=681ffbbd-29be-4226-8c20-c6483ea1e2af
	HostApplication=C:\Windows\System32\WindowsPowerShell\v1.0\powershell Get-AppxPackage C27EB4BA.DropboxOEM | Remove-AppxPackage
	EngineVersion=
	RunspaceId=
	PipelineId=
	CommandName=
	CommandType=
	ScriptName=
	CommandPath=
	CommandLine=</Data></EventData></Event>
<Event xmlns='http://schemas.microsoft.com/win/2004/08/events/event'><System><Provider Name='PowerShell'/><EventID Qualifiers='0'>600</EventID><Version>0</Version><Level>4</Level><Task>6</Task><Opcode>0</Opcode><Keywords>0x80000000000000</Keywords><TimeCreated SystemTime='2020-08-21T19:11:45.0695522Z'/><EventRecordID>2</EventRecordID><Correlation/><Execution ProcessID='0' ThreadID='0'/><Channel>Windows PowerShell</Channel><Computer>hswnpdadvm</Computer><Security/></System><EventData><Data>Alias</Data><Data>Started</Data><Data>	ProviderName=Alias
	NewProviderState=Started

	SequenceNumber=3

	HostName=ConsoleHost
	HostVersion=5.1.19041.1
	HostId=681ffbbd-29be-4226-8c20-c6483ea1e2af
	HostApplication=C:\Windows\System32\WindowsPowerShell\v1.0\powershell Get-AppxPackage C27EB4BA.DropboxOEM | Remove-AppxPackage
	EngineVersion=
	RunspaceId=
	PipelineId=
	CommandName=
	CommandType=
	ScriptName=
	CommandPath=
	CommandLine=</Data></EventData></Event>
<Event xmlns='http://schemas.microsoft.com/win/2004/08/events/event'><System><Provider Name='PowerShell'/><EventID Qualifiers='0'>600</EventID><Version>0</Version><Level>4</Level><Task>6</Task><Opcode>0</Opcode><Keywords>0x80000000000000</Keywords><TimeCreated SystemTime='2020-08-21T19:11:45.0695522Z'/><EventRecordID>3</EventRecordID><Correlation/><Execution ProcessID='0' ThreadID='0'/><Channel>Windows PowerShell</Channel><Computer>hswnpdadvm</Computer><Security/></System><EventData><Data>Environment</Data><Data>Started</Data><Data>	ProviderName=Environment
	NewProviderState=Started

	SequenceNumber=5

	HostName=ConsoleHost
	HostVersion=5.1.19041.1
	HostId=681ffbbd-29be-4226-8c20-c6483ea1e2af
	HostApplication=C:\Windows\System32\WindowsPowerShell\v1.0\powershell Get-AppxPackage C27EB4BA.DropboxOEM | Remove-AppxPackage
	EngineVersion=
	RunspaceId=
	PipelineId=
	CommandName=
	CommandType=
	ScriptName=
	CommandPath=
	CommandLine=</Data></EventData></Event>
<Event xmlns='http://schemas.microsoft.com/win/2004/08/events/event'><System><Provider Name='PowerShell'/><EventID Qualifiers='0'>600</EventID><Version>0</Version><Level>4</Level><Task>6</Task><Opcode>0</Opcode><Keywords>0x80000000000000</Keywords><TimeCreated SystemTime='2020-08-21T19:11:45.0695522Z'/><EventRecordID>4</EventRecordID><Correlation/><Execution ProcessID='0' ThreadID='0'/><Channel>Windows PowerShell</Channel><Computer>hswnpdadvm</Computer><Security/></System><EventData><Data>FileSystem</Data><Data>Started</Data><Data>	ProviderName=FileSystem
	NewProviderState=Started

	SequenceNumber=7

	HostName=ConsoleHost
	HostVersion=5.1.19041.1
	HostId=681ffbbd-29be-4226-8c20-c6483ea1e2af
	HostApplication=C:\Windows\System32\WindowsPowerShell\v1.0\powershell Get-AppxPackage C27EB4BA.DropboxOEM | Remove-AppxPackage
	EngineVersion=
	RunspaceId=
	PipelineId=
	CommandName=
	CommandType=
	ScriptName=
	CommandPath=
	CommandLine=</Data></EventData></Event>
<Event xmlns='http://schemas.microsoft.com/win/2004/08/events/event'><System><Provider Name='PowerShell'/><EventID Qualifiers='0'>600</EventID><Version>0</Version><Level>4</Level><Task>6</Task><Opcode>0</Opcode><Keywords>0x80000000000000</Keywords><TimeCreated SystemTime='2020-08-21T19:11:45.0851623Z'/><EventRecordID>5</EventRecordID><Correlation/><Execution ProcessID='0' ThreadID='0'/><Channel>Windows PowerShell</Channel><Computer>hswnpdadvm</Computer><Security/></System><EventData><Data>Function</Data><Data>Started</Data><Data>	ProviderName=Function
	NewProviderState=Started

	SequenceNumber=9

	HostName=ConsoleHost
	HostVersion=5.1.19041.1
	HostId=681ffbbd-29be-4226-8c20-c6483ea1e2af
	HostApplication=C:\Windows\System32\WindowsPowerShell\v1.0\powershell Get-AppxPackage C27EB4BA.DropboxOEM | Remove-AppxPackage
	EngineVersion=
	RunspaceId=
	PipelineId=
	CommandName=
	CommandType=
	ScriptName=
	CommandPath=
	CommandLine=</Data></EventData></Event>
<Event xmlns='http://schemas.microsoft.com/win/2004/08/events/event'><System><Provider Name='PowerShell'/><EventID Qualifiers='0'>600</EventID><Version>0</Version><Level>4</Level><Task>6</Task><Opcode>0</Opcode><Keywords>0x80000000000000</Keywords><TimeCreated SystemTime='2020-08-21T19:11:45.1164116Z'/><EventRecordID>6</EventRecordID><Correlation/><Execution ProcessID='0' ThreadID='0'/><Channel>Windows PowerShell</Channel><Computer>hswnpdadvm</Computer><Security/></System><EventData><Data>Variable</Data><Data>Started</Data><Data>	ProviderName=Variable
	NewProviderState=Started

	SequenceNumber=11

	HostName=ConsoleHost
	HostVersion=5.1.19041.1
	HostId=681ffbbd-29be-4226-8c20-c6483ea1e2af
	HostApplication=C:\Windows\System32\WindowsPowerShell\v1.0\powershell Get-AppxPackage C27EB4BA.DropboxOEM | Remove-AppxPackage
	EngineVersion=
	RunspaceId=
	PipelineId=
	CommandName=
	CommandType=
	ScriptName=
	CommandPath=
	CommandLine=</Data></EventData></Event>
<Event xmlns='http://schemas.microsoft.com/win/2004/08/events/event'><System><Provider Name='PowerShell'/><EventID Qualifiers='0'>400</EventID><Version>0</Version><Level>4</Level><Task>4</Task><Opcode>0</Opcode><Keywords>0x80000000000000</Keywords><TimeCreated SystemTime='2020-08-21T19:11:45.1945400Z'/><EventRecordID>7</EventRecordID><Correlation/><Execution ProcessID='0' ThreadID='0'/><Channel>Windows PowerShell</Channel><Computer>hswnpdadvm</Computer><Security/></System><EventData><Data>Available</Data><Data>None</Data><Data>	NewEngineState=Available
	PreviousEngineState=None

	SequenceNumber=13

	HostName=ConsoleHost
	HostVersion=5.1.19041.1
	HostId=681ffbbd-29be-4226-8c20-c6483ea1e2af
	HostApplication=C:\Windows\System32\WindowsPowerShell\v1.0\powershell Get-AppxPackage C27EB4BA.DropboxOEM | Remove-AppxPackage
	EngineVersion=5.1.19041.1
	RunspaceId=895f268d-1920-4e9d-b597-8096750500af
	PipelineId=
	CommandName=
	CommandType=
	ScriptName=
	CommandPath=
	CommandLine=</Data></EventData></Event>
<Event xmlns='http://schemas.microsoft.com/win/2004/08/events/event'><System><Provider Name='PowerShell'/><EventID Qualifiers='0'>403</EventID><Version>0</Version><Level>4</Level><Task>4</Task><Opcode>0</Opcode><Keywords>0x80000000000000</Keywords><TimeCreated SystemTime='2020-08-21T19:11:47.1190515Z'/><EventRecordID>8</EventRecordID><Correlation/><Execution ProcessID='0' ThreadID='0'/><Channel>Windows PowerShell</Channel><Computer>hswnpdadvm</Computer><Security/></System><EventData><Data>Stopped</Data><Data>Available</Data><Data>	NewEngineState=Stopped
	PreviousEngineState=Available

	SequenceNumber=15

	HostName=ConsoleHost
	HostVersion=5.1.19041.1
	HostId=681ffbbd-29be-4226-8c20-c6483ea1e2af
	HostApplication=C:\Windows\System32\WindowsPowerShell\v1.0\powershell Get-AppxPackage C27EB4BA.DropboxOEM | Remove-AppxPackage
	EngineVersion=5.1.19041.1
	RunspaceId=895f268d-1920-4e9d-b597-8096750500af
	PipelineId=
	CommandName=
	CommandType=
	ScriptName=
	CommandPath=
	CommandLine=</Data></EventData></Event>
<Event xmlns='http://schemas.microsoft.com/win/2004/08/events/event'><System><Provider Name='PowerShell'/><EventID Qualifiers='0'>600</EventID><Version>0</Version><Level>4</Level><Task>6</Task><Opcode>0</Opcode><Keywords>0x80000000000000</Keywords><TimeCreated SystemTime='2020-08-21T19:11:47.8195413Z'/><EventRecordID>9</EventRecordID><Correlation/><Execution ProcessID='0' ThreadID='0'/><Channel>Windows PowerShell</Channel><Computer>hswnpdadvm</Computer><Security/></System><EventData><Data>Registry</Data><Data>Started</Data><Data>	ProviderName=Registry
	NewProviderState=Started

	SequenceNumber=1

	HostName=ConsoleHost
	HostVersion=5.1.19041.1
	HostId=d9f2398a-dbd0-4ec9-825e-e967b06b95aa
	HostApplication=C:\Windows\System32\WindowsPowerShell\v1.0\powershell Get-AppxProvisionedPackage -Online | Where-Object DisplayName -In "C27EB4BA.DropboxOEM" | Remove-ProvisionedAppxPackage -Online
	EngineVersion=
	RunspaceId=
	PipelineId=
	CommandName=
	CommandType=
	ScriptName=
	CommandPath=
	CommandLine=</Data></EventData></Event>
<Event xmlns='http://schemas.microsoft.com/win/2004/08/events/event'><System><Provider Name='PowerShell'/><EventID Qualifiers='0'>600</EventID><Version>0</Version><Level>4</Level><Task>6</Task><Opcode>0</Opcode><Keywords>0x80000000000000</Keywords><TimeCreated SystemTime='2020-08-21T19:11:47.8195413Z'/><EventRecordID>10</EventRecordID><Correlation/><Execution ProcessID='0' ThreadID='0'/><Channel>Windows PowerShell</Channel><Computer>hswnpdadvm</Computer><Security/></System><EventData><Data>Alias</Data><Data>Started</Data><Data>	ProviderName=Alias
	NewProviderState=Started

	SequenceNumber=3

	HostName=ConsoleHost
	HostVersion=5.1.19041.1
	HostId=d9f2398a-dbd0-4ec9-825e-e967b06b95aa
	HostApplication=C:\Windows\System32\WindowsPowerShell\v1.0\powershell Get-AppxProvisionedPackage -Online | Where-Object DisplayName -In "C27EB4BA.DropboxOEM" | Remove-ProvisionedAppxPackage -Online
	EngineVersion=
	RunspaceId=
	PipelineId=
	CommandName=
	CommandType=
	ScriptName=
	CommandPath=
	CommandLine=</Data></EventData></Event>
<Event xmlns='http://schemas.microsoft.com/win/2004/08/events/event'><System><Provider Name='PowerShell'/><EventID Qualifiers='0'>600</EventID><Version>0</Version><Level>4</Level><Task>6</Task><Opcode>0</Opcode><Keywords>0x80000000000000</Keywords><TimeCreated SystemTime='2020-08-21T19:11:47.8195413Z'/><EventRecordID>11</EventRecordID><Correlation/><Execution ProcessID='0' ThreadID='0'/><Channel>Windows PowerShell</Channel><Computer>hswnpdadvm</Computer><Security/></System><EventData><Data>Environment</Data><Data>Started</Data><Data>	ProviderName=Environment
	NewProviderState=Started

	SequenceNumber=5

	HostName=ConsoleHost
	HostVersion=5.1.19041.1
	HostId=d9f2398a-dbd0-4ec9-825e-e967b06b95aa
	HostApplication=C:\Windows\System32\WindowsPowerShell\v1.0\powershell Get-AppxProvisionedPackage -Online | Where-Object DisplayName -In "C27EB4BA.DropboxOEM" | Remove-ProvisionedAppxPackage -Online
	EngineVersion=
	RunspaceId=
	PipelineId=
	CommandName=
	CommandType=
	ScriptName=
	CommandPath=
	CommandLine=</Data></EventData></Event>
<Event xmlns='http://schemas.microsoft.com/win/2004/08/events/event'><System><Provider Name='PowerShell'/><EventID Qualifiers='0'>600</EventID><Version>0</Version><Level>4</Level><Task>6</Task><Opcode>0</Opcode><Keywords>0x80000000000000</Keywords><TimeCreated SystemTime='2020-08-21T19:11:47.8195413Z'/><EventRecordID>12</EventRecordID><Correlation/><Execution ProcessID='0' ThreadID='0'/><Channel>Windows PowerShell</Channel><Computer>hswnpdadvm</Computer><Security/></System><EventData><Data>FileSystem</Data><Data>Started</Data><Data>	ProviderName=FileSystem
	NewProviderState=Started

	SequenceNumber=7

	HostName=ConsoleHost
	HostVersion=5.1.19041.1
	HostId=d9f2398a-dbd0-4ec9-825e-e967b06b95aa
	HostApplication=C:\Windows\System32\WindowsPowerShell\v1.0\powershell Get-AppxProvisionedPackage -Online | Where-Object DisplayName -In "C27EB4BA.DropboxOEM" | Remove-ProvisionedAppxPackage -Online
	EngineVersion=
	RunspaceId=
	PipelineId=
	CommandName=
	CommandType=
	ScriptName=
	CommandPath=
	CommandLine=</Data></EventData></Event>
<Event xmlns='http://schemas.microsoft.com/win/2004/08/events/event'><System><Provider Name='PowerShell'/><EventID Qualifiers='0'>600</EventID><Version>0</Version><Level>4</Level><Task>6</Task><Opcode>0</Opcode><Keywords>0x80000000000000</Keywords><TimeCreated SystemTime='2020-08-21T19:11:47.8664154Z'/><EventRecordID>13</EventRecordID><Correlation/><Execution ProcessID='0' ThreadID='0'/><Channel>Windows PowerShell</Channel><Computer>hswnpdadvm</Computer><Security/></System><EventData><Data>Function</Data><Data>Started</Data><Data>	ProviderName=Function
	NewProviderState=Started

	SequenceNumber=9

	HostName=ConsoleHost
	HostVersion=5.1.19041.1
	HostId=d9f2398a-dbd0-4ec9-825e-e967b06b95aa
	HostApplication=C:\Windows\System32\WindowsPowerShell\v1.0\powershell Get-AppxProvisionedPackage -Online | Where-Object DisplayName -In "C27EB4BA.DropboxOEM" | Remove-ProvisionedAppxPackage -Online
	EngineVersion=
	RunspaceId=
	PipelineId=
	CommandName=
	CommandType=
	ScriptName=
	CommandPath=
	CommandLine=</Data></EventData></Event>
<Event xmlns='http://schemas.microsoft.com/win/2004/08/events/event'><System><Provider Name='PowerShell'/><EventID Qualifiers='0'>600</EventID><Version>0</Version><Level>4</Level><Task>6</Task><Opcode>0</Opcode><Keywords>0x80000000000000</Keywords><TimeCreated SystemTime='2020-08-21T19:11:47.8664154Z'/><EventRecordID>14</EventRecordID><Correlation/><Execution ProcessID='0' ThreadID='0'/><Channel>Windows PowerShell</Channel><Computer>hswnpdadvm</Computer><Security/></System><EventData><Data>Variable</Data><Data>Started</Data><Data>	ProviderName=Variable
	NewProviderState=Started

	SequenceNumber=11

	HostName=ConsoleHost
	HostVersion=5.1.19041.1
	HostId=d9f2398a-dbd0-4ec9-825e-e967b06b95aa
	HostApplication=C:\Windows\System32\WindowsPowerShell\v1.0\powershell Get-AppxProvisionedPackage -Online | Where-Object DisplayName -In "C27EB4BA.DropboxOEM" | Remove-ProvisionedAppxPackage -Online
	EngineVersion=
	RunspaceId=
	PipelineId=
	CommandName=
	CommandType=
	ScriptName=
	CommandPath=
	CommandLine=</Data></EventData></Event>
<Event xmlns='http://schemas.microsoft.com/win/2004/08/events/event'><System><Provider Name='PowerShell'/><EventID Qualifiers='0'>400</EventID><Version>0</Version><Level>4</Level><Task>4</Task><Opcode>0</Opcode><Keywords>0x80000000000000</Keywords><TimeCreated SystemTime='2020-08-21T19:11:48.0539152Z'/><EventRecordID>15</EventRecordID><Correlation/><Execution ProcessID='0' ThreadID='0'/><Channel>Windows PowerShell</Channel><Computer>hswnpdadvm</Computer><Security/></System><EventData><Data>Available</Data><Data>None</Data><Data>	NewEngineState=Available
	PreviousEngineState=None

	SequenceNumber=13

	HostName=ConsoleHost
	HostVersion=5.1.19041.1
	HostId=d9f2398a-dbd0-4ec9-825e-e967b06b95aa
	HostApplication=C:\Windows\System32\WindowsPowerShell\v1.0\powershell Get-AppxProvisionedPackage -Online | Where-Object DisplayName -In "C27EB4BA.DropboxOEM" | Remove-ProvisionedAppxPackage -Online
	EngineVersion=5.1.19041.1
	RunspaceId=280f85a6-bff4-4bde-98fa-cb5bfc433f16
	PipelineId=
	CommandName=
	CommandType=
	ScriptName=
	CommandPath=
	CommandLine=</Data></EventData></Event>
<Event xmlns='http://schemas.microsoft.com/win/2004/08/events/event'><System><Provider Name='PowerShell'/><EventID Qualifiers='0'>403</EventID><Version>0</Version><Level>4</Level><Task>4</Task><Opcode>0</Opcode><Keywords>0x80000000000000</Keywords><TimeCreated SystemTime='2020-08-21T19:11:50.1476637Z'/><EventRecordID>16</EventRecordID><Correlation/><Execution ProcessID='0' ThreadID='0'/><Channel>Windows PowerShell</Channel><Computer>hswnpdadvm</Computer><Security/></System><EventData><Data>Stopped</Data><Data>Available</Data><Data>	NewEngineState=Stopped
	PreviousEngineState=Available

	SequenceNumber=15

	HostName=ConsoleHost
	HostVersion=5.1.19041.1
	HostId=d9f2398a-dbd0-4ec9-825e-e967b06b95aa
	HostApplication=C:\Windows\System32\WindowsPowerShell\v1.0\powershell Get-AppxProvisionedPackage -Online | Where-Object DisplayName -In "C27EB4BA.DropboxOEM" | Remove-ProvisionedAppxPackage -Online
	EngineVersion=5.1.19041.1
	RunspaceId=280f85a6-bff4-4bde-98fa-cb5bfc433f16
	PipelineId=
	CommandName=
	CommandType=
	ScriptName=
	CommandPath=
	CommandLine=</Data></EventData></Event>
<Event xmlns='http://schemas.microsoft.com/win/2004/08/events/event'><System><Provider Name='PowerShell'/><EventID Qualifiers='0'>600</EventID><Version>0</Version><Level>4</Level><Task>6</Task><Opcode>0</Opcode><Keywords>0x80000000000000</Keywords><TimeCreated SystemTime='2020-08-24T07:07:24.3533652Z'/><EventRecordID>17</EventRecordID><Correlation/><Execution ProcessID='0' ThreadID='0'/><Channel>Windows PowerShell</Channel><Computer>hswnpdadvm</Computer><Security/></System><EventData><Data>Registry</Data><Data>Started</Data><Data>	ProviderName=Registry
	NewProviderState=Started

	SequenceNumber=1

	HostName=ConsoleHost
	HostVersion=5.1.19041.1
	HostId=b11a9d08-19f6-418b-986e-4110aa7274bd
	HostApplication=C:\Windows\System32\WindowsPowerShell\v1.0\powershell Get-AppxPackage C27EB4BA.DropboxOEM | Remove-AppxPackage
	EngineVersion=
	RunspaceId=
	PipelineId=
	CommandName=
	CommandType=
	ScriptName=
	CommandPath=
	CommandLine=</Data></EventData></Event>
<Event xmlns='http://schemas.microsoft.com/win/2004/08/events/event'><System><Provider Name='PowerShell'/><EventID Qualifiers='0'>600</EventID><Version>0</Version><Level>4</Level><Task>6</Task><Opcode>0</Opcode><Keywords>0x80000000000000</Keywords><TimeCreated SystemTime='2020-08-24T07:07:24.3533652Z'/><EventRecordID>18</EventRecordID><Correlation/><Execution ProcessID='0' ThreadID='0'/><Channel>Windows PowerShell</Channel><Computer>hswnpdadvm</Computer><Security/></System><EventData><Data>Alias</Data><Data>Started</Data><Data>	ProviderName=Alias
	NewProviderState=Started

	SequenceNumber=3

	HostName=ConsoleHost
	HostVersion=5.1.19041.1
	HostId=b11a9d08-19f6-418b-986e-4110aa7274bd
	HostApplication=C:\Windows\System32\WindowsPowerShell\v1.0\powershell Get-AppxPackage C27EB4BA.DropboxOEM | Remove-AppxPackage
	EngineVersion=
	RunspaceId=
	PipelineId=
	CommandName=
	CommandType=
	ScriptName=
	CommandPath=
	CommandLine=</Data></EventData></Event>
<Event xmlns='http://schemas.microsoft.com/win/2004/08/events/event'><System><Provider Name='PowerShell'/><EventID Qualifiers='0'>600</EventID><Version>0</Version><Level>4</Level><Task>6</Task><Opcode>0</Opcode><Keywords>0x80000000000000</Keywords><TimeCreated SystemTime='2020-08-24T07:07:24.3533652Z'/><EventRecordID>19</EventRecordID><Correlation/><Execution ProcessID='0' ThreadID='0'/><Channel>Windows PowerShell</Channel><Computer>hswnpdadvm</Computer><Security/></System><EventData><Data>Environment</Data><Data>Started</Data><Data>	ProviderName=Environment
	NewProviderState=Started

	SequenceNumber=5

	HostName=ConsoleHost
	HostVersion=5.1.19041.1
	HostId=b11a9d08-19f6-418b-986e-4110aa7274bd
	HostApplication=C:\Windows\System32\WindowsPowerShell\v1.0\powershell Get-AppxPackage C27EB4BA.DropboxOEM | Remove-AppxPackage
	EngineVersion=
	RunspaceId=
	PipelineId=
	CommandName=
	CommandType=
	ScriptName=
	CommandPath=
	CommandLine=</Data></EventData></Event>
<Event xmlns='http://schemas.microsoft.com/win/2004/08/events/event'><System><Provider Name='PowerShell'/><EventID Qualifiers='0'>600</EventID><Version>0</Version><Level>4</Level><Task>6</Task><Opcode>0</Opcode><Keywords>0x80000000000000</Keywords><TimeCreated SystemTime='2020-08-24T07:07:24.3689709Z'/><EventRecordID>20</EventRecordID><Correlation/><Execution ProcessID='0' ThreadID='0'/><Channel>Windows PowerShell</Channel><Computer>hswnpdadvm</Computer><Security/></System><EventData><Data>FileSystem</Data><Data>Started</Data><Data>	ProviderName=FileSystem
	NewProviderState=Started

	SequenceNumber=7

	HostName=ConsoleHost
	HostVersion=5.1.19041.1
	HostId=b11a9d08-19f6-418b-986e-4110aa7274bd
	HostApplication=C:\Windows\System32\WindowsPowerShell\v1.0\powershell Get-AppxPackage C27EB4BA.DropboxOEM | Remove-AppxPackage
	EngineVersion=
	RunspaceId=
	PipelineId=
	CommandName=
	CommandType=
	ScriptName=
	CommandPath=
	CommandLine=</Data></EventData></Event>
<Event xmlns='http://schemas.microsoft.com/win/2004/08/events/event'><System><Provider Name='PowerShell'/><EventID Qualifiers='0'>600</EventID><Version>0</Version><Level>4</Level><Task>6</Task><Opcode>0</Opcode><Keywords>0x80000000000000</Keywords><TimeCreated SystemTime='2020-08-24T07:07:24.3689709Z'/><EventRecordID>21</EventRecordID><Correlation/><Execution ProcessID='0' ThreadID='0'/><Channel>Windows PowerShell</Channel><Computer>hswnpdadvm</Computer><Security/></System><EventData><Data>Function</Data><Data>Started</Data><Data>	ProviderName=Function
	NewProviderState=Started

	SequenceNumber=9

	HostName=ConsoleHost
	HostVersion=5.1.19041.1
	HostId=b11a9d08-19f6-418b-986e-4110aa7274bd
	HostApplication=C:\Windows\System32\WindowsPowerShell\v1.0\powershell Get-AppxPackage C27EB4BA.DropboxOEM | Remove-AppxPackage
	EngineVersion=
	RunspaceId=
	PipelineId=
	CommandName=
	CommandType=
	ScriptName=
	CommandPath=
	CommandLine=</Data></EventData></Event>
<Event xmlns='http://schemas.microsoft.com/win/2004/08/events/event'><System><Provider Name='PowerShell'/><EventID Qualifiers='0'>600</EventID><Version>0</Version><Level>4</Level><Task>6</Task><Opcode>0</Opcode><Keywords>0x80000000000000</Keywords><TimeCreated SystemTime='2020-08-24T07:07:24.3689709Z'/><EventRecordID>22</EventRecordID><Correlation/><Execution ProcessID='0' ThreadID='0'/><Channel>Windows PowerShell</Channel><Computer>hswnpdadvm</Computer><Security/></System><EventData><Data>Variable</Data><Data>Started</Data><Data>	ProviderName=Variable
	NewProviderState=Started

	SequenceNumber=11

	HostName=ConsoleHost
	HostVersion=5.1.19041.1
	HostId=b11a9d08-19f6-418b-986e-4110aa7274bd
	HostApplication=C:\Windows\System32\WindowsPowerShell\v1.0\powershell Get-AppxPackage C27EB4BA.DropboxOEM | Remove-AppxPackage
	EngineVersion=
	RunspaceId=
	PipelineId=
	CommandName=
	CommandType=
	ScriptName=
	CommandPath=
	CommandLine=</Data></EventData></Event>
<Event xmlns='http://schemas.microsoft.com/win/2004/08/events/event'><System><Provider Name='PowerShell'/><EventID Qualifiers='0'>400</EventID><Version>0</Version><Level>4</Level><Task>4</Task><Opcode>0</Opcode><Keywords>0x80000000000000</Keywords><TimeCreated SystemTime='2020-08-24T07:07:24.3846822Z'/><EventRecordID>23</EventRecordID><Correlation/><Execution ProcessID='0' ThreadID='0'/><Channel>Windows PowerShell</Channel><Computer>hswnpdadvm</Computer><Security/></System><EventData><Data>Available</Data><Data>None</Data><Data>	NewEngineState=Available
	PreviousEngineState=None

	SequenceNumber=13

	HostName=ConsoleHost
	HostVersion=5.1.19041.1
	HostId=b11a9d08-19f6-418b-986e-4110aa7274bd
	HostApplication=C:\Windows\System32\WindowsPowerShell\v1.0\powershell Get-AppxPackage C27EB4BA.DropboxOEM | Remove-AppxPackage
	EngineVersion=5.1.19041.1
	RunspaceId=504b3dfa-241b-4b20-bdc0-af8d645f79ec
	PipelineId=
	CommandName=
	CommandType=
	ScriptName=
	CommandPath=
	CommandLine=</Data></EventData></Event>
<Event xmlns='http://schemas.microsoft.com/win/2004/08/events/event'><System><Provider Name='PowerShell'/><EventID Qualifiers='0'>403</EventID><Version>0</Version><Level>4</Level><Task>4</Task><Opcode>0</Opcode><Keywords>0x80000000000000</Keywords><TimeCreated SystemTime='2020-08-24T07:07:25.1815654Z'/><EventRecordID>24</EventRecordID><Correlation/><Execution ProcessID='0' ThreadID='0'/><Channel>Windows PowerShell</Channel><Computer>hswnpdadvm</Computer><Security/></System><EventData><Data>Stopped</Data><Data>Available</Data><Data>	NewEngineState=Stopped
	PreviousEngineState=Available

	SequenceNumber=15

	HostName=ConsoleHost
	HostVersion=5.1.19041.1
	HostId=b11a9d08-19f6-418b-986e-4110aa7274bd
	HostApplication=C:\Windows\System32\WindowsPowerShell\v1.0\powershell Get-AppxPackage C27EB4BA.DropboxOEM | Remove-AppxPackage
	EngineVersion=5.1.19041.1
	RunspaceId=504b3dfa-241b-4b20-bdc0-af8d645f79ec
	PipelineId=
	CommandName=
	CommandType=
	ScriptName=
	CommandPath=
	CommandLine=</Data></EventData></Event>
<Event xmlns='http://schemas.microsoft.com/win/2004/08/events/event'><System><Provider Name='PowerShell'/><EventID Qualifiers='0'>600</EventID><Version>0</Version><Level>4</Level><Task>6</Task><Opcode>0</Opcode><Keywords>0x80000000000000</Keywords><TimeCreated SystemTime='2020-08-24T07:07:25.6815084Z'/><EventRecordID>25</EventRecordID><Correlation/><Execution ProcessID='0' ThreadID='0'/><Channel>Windows PowerShell</Channel><Computer>hswnpdadvm</Computer><Security/></System><EventData><Data>Registry</Data><Data>Started</Data><Data>	ProviderName=Registry
	NewProviderState=Started

	SequenceNumber=1

	HostName=ConsoleHost
	HostVersion=5.1.19041.1
	HostId=ca0aaa08-b9cf-44e5-b45b-5020e83e03f2
	HostApplication=C:\Windows\System32\WindowsPowerShell\v1.0\powershell Get-AppxProvisionedPackage -Online | Where-Object DisplayName -In "C27EB4BA.DropboxOEM" | Remove-ProvisionedAppxPackage -Online
	EngineVersion=
	RunspaceId=
	PipelineId=
	CommandName=
	CommandType=
	ScriptName=
	CommandPath=
	CommandLine=</Data></EventData></Event>
<Event xmlns='http://schemas.microsoft.com/win/2004/08/events/event'><System><Provider Name='PowerShell'/><EventID Qualifiers='0'>600</EventID><Version>0</Version><Level>4</Level><Task>6</Task><Opcode>0</Opcode><Keywords>0x80000000000000</Keywords><TimeCreated SystemTime='2020-08-24T07:07:25.6815084Z'/><EventRecordID>26</EventRecordID><Correlation/><Execution ProcessID='0' ThreadID='0'/><Channel>Windows PowerShell</Channel><Computer>hswnpdadvm</Computer><Security/></System><EventData><Data>Alias</Data><Data>Started</Data><Data>	ProviderName=Alias
	NewProviderState=Started

	SequenceNumber=3

	HostName=ConsoleHost
	HostVersion=5.1.19041.1
	HostId=ca0aaa08-b9cf-44e5-b45b-5020e83e03f2
	HostApplication=C:\Windows\System32\WindowsPowerShell\v1.0\powershell Get-AppxProvisionedPackage -Online | Where-Object DisplayName -In "C27EB4BA.DropboxOEM" | Remove-ProvisionedAppxPackage -Online
	EngineVersion=
	RunspaceId=
	PipelineId=
	CommandName=
	CommandType=
	ScriptName=
	CommandPath=
	CommandLine=</Data></EventData></Event>
<Event xmlns='http://schemas.microsoft.com/win/2004/08/events/event'><System><Provider Name='PowerShell'/><EventID Qualifiers='0'>600</EventID><Version>0</Version><Level>4</Level><Task>6</Task><Opcode>0</Opcode><Keywords>0x80000000000000</Keywords><TimeCreated SystemTime='2020-08-24T07:07:25.6815084Z'/><EventRecordID>27</EventRecordID><Correlation/><Execution ProcessID='0' ThreadID='0'/><Channel>Windows PowerShell</Channel><Computer>hswnpdadvm</Computer><Security/></System><EventData><Data>Environment</Data><Data>Started</Data><Data>	ProviderName=Environment
	NewProviderState=Started

	SequenceNumber=5

	HostName=ConsoleHost
	HostVersion=5.1.19041.1
	HostId=ca0aaa08-b9cf-44e5-b45b-5020e83e03f2
	HostApplication=C:\Windows\System32\WindowsPowerShell\v1.0\powershell Get-AppxProvisionedPackage -Online | Where-Object DisplayName -In "C27EB4BA.DropboxOEM" | Remove-ProvisionedAppxPackage -Online
	EngineVersion=
	RunspaceId=
	PipelineId=
	CommandName=
	CommandType=
	ScriptName=
	CommandPath=
	CommandLine=</Data></EventData></Event>
<Event xmlns='http://schemas.microsoft.com/win/2004/08/events/event'><System><Provider Name='PowerShell'/><EventID Qualifiers='0'>600</EventID><Version>0</Version><Level>4</Level><Task>6</Task><Opcode>0</Opcode><Keywords>0x80000000000000</Keywords><TimeCreated SystemTime='2020-08-24T07:07:25.6815084Z'/><EventRecordID>28</EventRecordID><Correlation/><Execution ProcessID='0' ThreadID='0'/><Channel>Windows PowerShell</Channel><Computer>hswnpdadvm</Computer><Security/></System><EventData><Data>FileSystem</Data><Data>Started</Data><Data>	ProviderName=FileSystem
	NewProviderState=Started

	SequenceNumber=7

	HostName=ConsoleHost
	HostVersion=5.1.19041.1
	HostId=ca0aaa08-b9cf-44e5-b45b-5020e83e03f2
	HostApplication=C:\Windows\System32\WindowsPowerShell\v1.0\powershell Get-AppxProvisionedPackage -Online | Where-Object DisplayName -In "C27EB4BA.DropboxOEM" | Remove-ProvisionedAppxPackage -Online
	EngineVersion=
	RunspaceId=
	PipelineId=
	CommandName=
	CommandType=
	ScriptName=
	CommandPath=
	CommandLine=</Data></EventData></Event>
<Event xmlns='http://schemas.microsoft.com/win/2004/08/events/event'><System><Provider Name='PowerShell'/><EventID Qualifiers='0'>600</EventID><Version>0</Version><Level>4</Level><Task>6</Task><Opcode>0</Opcode><Keywords>0x80000000000000</Keywords><TimeCreated SystemTime='2020-08-24T07:07:25.6815084Z'/><EventRecordID>29</EventRecordID><Correlation/><Execution ProcessID='0' ThreadID='0'/><Channel>Windows PowerShell</Channel><Computer>hswnpdadvm</Computer><Security/></System><EventData><Data>Function</Data><Data>Started</Data><Data>	ProviderName=Function
	NewProviderState=Started

	SequenceNumber=9

	HostName=ConsoleHost
	HostVersion=5.1.19041.1
	HostId=ca0aaa08-b9cf-44e5-b45b-5020e83e03f2
	HostApplication=C:\Windows\System32\WindowsPowerShell\v1.0\powershell Get-AppxProvisionedPackage -Online | Where-Object DisplayName -In "C27EB4BA.DropboxOEM" | Remove-ProvisionedAppxPackage -Online
	EngineVersion=
	RunspaceId=
	PipelineId=
	CommandName=
	CommandType=
	ScriptName=
	CommandPath=
	CommandLine=</Data></EventData></Event>
<Event xmlns='http://schemas.microsoft.com/win/2004/08/events/event'><System><Provider Name='PowerShell'/><EventID Qualifiers='0'>600</EventID><Version>0</Version><Level>4</Level><Task>6</Task><Opcode>0</Opcode><Keywords>0x80000000000000</Keywords><TimeCreated SystemTime='2020-08-24T07:07:25.6815084Z'/><EventRecordID>30</EventRecordID><Correlation/><Execution ProcessID='0' ThreadID='0'/><Channel>Windows PowerShell</Channel><Computer>hswnpdadvm</Computer><Security/></System><EventData><Data>Variable</Data><Data>Started</Data><Data>	ProviderName=Variable
	NewProviderState=Started

	SequenceNumber=11

	HostName=ConsoleHost
	HostVersion=5.1.19041.1
	HostId=ca0aaa08-b9cf-44e5-b45b-5020e83e03f2
	HostApplication=C:\Windows\System32\WindowsPowerShell\v1.0\powershell Get-AppxProvisionedPackage -Online | Where-Object DisplayName -In "C27EB4BA.DropboxOEM" | Remove-ProvisionedAppxPackage -Online
	EngineVersion=
	RunspaceId=
	PipelineId=
	CommandName=
	CommandType=
	ScriptName=
	CommandPath=
	CommandLine=</Data></EventData></Event>
<Event xmlns='http://schemas.microsoft.com/win/2004/08/events/event'><System><Provider Name='PowerShell'/><EventID Qualifiers='0'>400</EventID><Version>0</Version><Level>4</Level><Task>4</Task><Opcode>0</Opcode><Keywords>0x80000000000000</Keywords><TimeCreated SystemTime='2020-08-24T07:07:25.7127431Z'/><EventRecordID>31</EventRecordID><Correlation/><Execution ProcessID='0' ThreadID='0'/><Channel>Windows PowerShell</Channel><Computer>hswnpdadvm</Computer><Security/></System><EventData><Data>Available</Data><Data>None</Data><Data>	NewEngineState=Available
	PreviousEngineState=None

	SequenceNumber=13

	HostName=ConsoleHost
	HostVersion=5.1.19041.1
	HostId=ca0aaa08-b9cf-44e5-b45b-5020e83e03f2
	HostApplication=C:\Windows\System32\WindowsPowerShell\v1.0\powershell Get-AppxProvisionedPackage -Online | Where-Object DisplayName -In "C27EB4BA.DropboxOEM" | Remove-ProvisionedAppxPackage -Online
	EngineVersion=5.1.19041.1
	RunspaceId=3072df0a-40e3-4dae-9d25-2fc67fd71717
	PipelineId=
	CommandName=
	CommandType=
	ScriptName=
	CommandPath=
	CommandLine=</Data></EventData></Event>
<Event xmlns='http://schemas.microsoft.com/win/2004/08/events/event'><System><Provider Name='PowerShell'/><EventID Qualifiers='0'>403</EventID><Version>0</Version><Level>4</Level><Task>4</Task><Opcode>0</Opcode><Keywords>0x80000000000000</Keywords><TimeCreated SystemTime='2020-08-24T07:07:27.2127543Z'/><EventRecordID>32</EventRecordID><Correlation/><Execution ProcessID='0' ThreadID='0'/><Channel>Windows PowerShell</Channel><Computer>hswnpdadvm</Computer><Security/></System><EventData><Data>Stopped</Data><Data>Available</Data><Data>	NewEngineState=Stopped
	PreviousEngineState=Available

	SequenceNumber=15

	HostName=ConsoleHost
	HostVersion=5.1.19041.1
	HostId=ca0aaa08-b9cf-44e5-b45b-5020e83e03f2
	HostApplication=C:\Windows\System32\WindowsPowerShell\v1.0\powershell Get-AppxProvisionedPackage -Online | Where-Object DisplayName -In "C27EB4BA.DropboxOEM" | Remove-ProvisionedAppxPackage -Online
	EngineVersion=5.1.19041.1
	RunspaceId=3072df0a-40e3-4dae-9d25-2fc67fd71717
	PipelineId=
	CommandName=
	CommandType=
	ScriptName=
	CommandPath=
	CommandLine=</Data></EventData></Event>
<Event xmlns='http://schemas.microsoft.com/win/2004/08/events/event'><System><Provider Name='PowerShell'/><EventID Qualifiers='0'>600</EventID><Version>0</Version><Level>4</Level><Task>6</Task><Opcode>0</Opcode><Keywords>0x80000000000000</Keywords><TimeCreated SystemTime='2020-08-24T07:17:43.0995864Z'/><EventRecordID>33</EventRecordID><Correlation/><Execution ProcessID='0' ThreadID='0'/><Channel>Windows PowerShell</Channel><Computer>hswnpdadvm01</Computer><Security/></System><EventData><Data>Registry</Data><Data>Started</Data><Data>	ProviderName=Registry
	NewProviderState=Started

	SequenceNumber=1

	HostName=Default Host
	HostVersion=5.1.19041.1
	HostId=d36706fd-75d9-46db-987f-49c9e989f392
	HostApplication=C:\Windows\System32\RemoteFXvGPUDisablement.exe Disable
	EngineVersion=
	RunspaceId=
	PipelineId=
	CommandName=
	CommandType=
	ScriptName=
	CommandPath=
	CommandLine=</Data></EventData></Event>
<Event xmlns='http://schemas.microsoft.com/win/2004/08/events/event'><System><Provider Name='PowerShell'/><EventID Qualifiers='0'>600</EventID><Version>0</Version><Level>4</Level><Task>6</Task><Opcode>0</Opcode><Keywords>0x80000000000000</Keywords><TimeCreated SystemTime='2020-08-24T07:17:43.1152419Z'/><EventRecordID>34</EventRecordID><Correlation/><Execution ProcessID='0' ThreadID='0'/><Channel>Windows PowerShell</Channel><Computer>hswnpdadvm01</Computer><Security/></System><EventData><Data>Alias</Data><Data>Started</Data><Data>	ProviderName=Alias
	NewProviderState=Started

	SequenceNumber=3

	HostName=Default Host
	HostVersion=5.1.19041.1
	HostId=d36706fd-75d9-46db-987f-49c9e989f392
	HostApplication=C:\Windows\System32\RemoteFXvGPUDisablement.exe Disable
	EngineVersion=
	RunspaceId=
	PipelineId=
	CommandName=
	CommandType=
	ScriptName=
	CommandPath=
	CommandLine=</Data></EventData></Event>
<Event xmlns='http://schemas.microsoft.com/win/2004/08/events/event'><System><Provider Name='PowerShell'/><EventID Qualifiers='0'>600</EventID><Version>0</Version><Level>4</Level><Task>6</Task><Opcode>0</Opcode><Keywords>0x80000000000000</Keywords><TimeCreated SystemTime='2020-08-24T07:17:43.1152419Z'/><EventRecordID>35</EventRecordID><Correlation/><Execution ProcessID='0' ThreadID='0'/><Channel>Windows PowerShell</Channel><Computer>hswnpdadvm01</Computer><Security/></System><EventData><Data>Environment</Data><Data>Started</Data><Data>	ProviderName=Environment
	NewProviderState=Started

	SequenceNumber=5

	HostName=Default Host
	HostVersion=5.1.19041.1
	HostId=d36706fd-75d9-46db-987f-49c9e989f392
	HostApplication=C:\Windows\System32\RemoteFXvGPUDisablement.exe Disable
	EngineVersion=
	RunspaceId=
	PipelineId=
	CommandName=
	CommandType=
	ScriptName=
	CommandPath=
	CommandLine=</Data></EventData></Event>
<Event xmlns='http://schemas.microsoft.com/win/2004/08/events/event'><System><Provider Name='PowerShell'/><EventID Qualifiers='0'>600</EventID><Version>0</Version><Level>4</Level><Task>6</Task><Opcode>0</Opcode><Keywords>0x80000000000000</Keywords><TimeCreated SystemTime='2020-08-24T07:17:43.1152419Z'/><EventRecordID>36</EventRecordID><Correlation/><Execution ProcessID='0' ThreadID='0'/><Channel>Windows PowerShell</Channel><Computer>hswnpdadvm01</Computer><Security/></System><EventData><Data>FileSystem</Data><Data>Started</Data><Data>	ProviderName=FileSystem
	NewProviderState=Started

	SequenceNumber=7

	HostName=Default Host
	HostVersion=5.1.19041.1
	HostId=d36706fd-75d9-46db-987f-49c9e989f392
	HostApplication=C:\Windows\System32\RemoteFXvGPUDisablement.exe Disable
	EngineVersion=
	RunspaceId=
	PipelineId=
	CommandName=
	CommandType=
	ScriptName=
	CommandPath=
	CommandLine=</Data></EventData></Event>
<Event xmlns='http://schemas.microsoft.com/win/2004/08/events/event'><System><Provider Name='PowerShell'/><EventID Qualifiers='0'>600</EventID><Version>0</Version><Level>4</Level><Task>6</Task><Opcode>0</Opcode><Keywords>0x80000000000000</Keywords><TimeCreated SystemTime='2020-08-24T07:17:43.1152419Z'/><EventRecordID>37</EventRecordID><Correlation/><Execution ProcessID='0' ThreadID='0'/><Channel>Windows PowerShell</Channel><Computer>hswnpdadvm01</Computer><Security/></System><EventData><Data>Function</Data><Data>Started</Data><Data>	ProviderName=Function
	NewProviderState=Started

	SequenceNumber=9

	HostName=Default Host
	HostVersion=5.1.19041.1
	HostId=d36706fd-75d9-46db-987f-49c9e989f392
	HostApplication=C:\Windows\System32\RemoteFXvGPUDisablement.exe Disable
	EngineVersion=
	RunspaceId=
	PipelineId=
	CommandName=
	CommandType=
	ScriptName=
	CommandPath=
	CommandLine=</Data></EventData></Event>
<Event xmlns='http://schemas.microsoft.com/win/2004/08/events/event'><System><Provider Name='PowerShell'/><EventID Qualifiers='0'>600</EventID><Version>0</Version><Level>4</Level><Task>6</Task><Opcode>0</Opcode><Keywords>0x80000000000000</Keywords><TimeCreated SystemTime='2020-08-24T07:17:43.1152419Z'/><EventRecordID>38</EventRecordID><Correlation/><Execution ProcessID='0' ThreadID='0'/><Channel>Windows PowerShell</Channel><Computer>hswnpdadvm01</Computer><Security/></System><EventData><Data>Variable</Data><Data>Started</Data><Data>	ProviderName=Variable
	NewProviderState=Started

	SequenceNumber=11

	HostName=Default Host
	HostVersion=5.1.19041.1
	HostId=d36706fd-75d9-46db-987f-49c9e989f392
	HostApplication=C:\Windows\System32\RemoteFXvGPUDisablement.exe Disable
	EngineVersion=
	RunspaceId=
	PipelineId=
	CommandName=
	CommandType=
	ScriptName=
	CommandPath=
	CommandLine=</Data></EventData></Event>
<Event xmlns='http://schemas.microsoft.com/win/2004/08/events/event'><System><Provider Name='PowerShell'/><EventID Qualifiers='0'>600</EventID><Version>0</Version><Level>4</Level><Task>6</Task><Opcode>0</Opcode><Keywords>0x80000000000000</Keywords><TimeCreated SystemTime='2020-08-24T07:17:43.1152419Z'/><EventRecordID>39</EventRecordID><Correlation/><Execution ProcessID='0' ThreadID='0'/><Channel>Windows PowerShell</Channel><Computer>hswnpdadvm01</Computer><Security/></System><EventData><Data>Certificate</Data><Data>Started</Data><Data>	ProviderName=Certificate
	NewProviderState=Started

	SequenceNumber=13

	HostName=Default Host
	HostVersion=5.1.19041.1
	HostId=d36706fd-75d9-46db-987f-49c9e989f392
	HostApplication=C:\Windows\System32\RemoteFXvGPUDisablement.exe Disable
	EngineVersion=
	RunspaceId=
	PipelineId=
	CommandName=
	CommandType=
	ScriptName=
	CommandPath=
	CommandLine=</Data></EventData></Event>
<Event xmlns='http://schemas.microsoft.com/win/2004/08/events/event'><System><Provider Name='PowerShell'/><EventID Qualifiers='0'>600</EventID><Version>0</Version><Level>4</Level><Task>6</Task><Opcode>0</Opcode><Keywords>0x80000000000000</Keywords><TimeCreated SystemTime='2020-08-24T07:17:43.1152419Z'/><EventRecordID>40</EventRecordID><Correlation/><Execution ProcessID='0' ThreadID='0'/><Channel>Windows PowerShell</Channel><Computer>hswnpdadvm01</Computer><Security/></System><EventData><Data>WSMan</Data><Data>Started</Data><Data>	ProviderName=WSMan
	NewProviderState=Started

	SequenceNumber=15

	HostName=Default Host
	HostVersion=5.1.19041.1
	HostId=d36706fd-75d9-46db-987f-49c9e989f392
	HostApplication=C:\Windows\System32\RemoteFXvGPUDisablement.exe Disable
	EngineVersion=
	RunspaceId=
	PipelineId=
	CommandName=
	CommandType=
	ScriptName=
	CommandPath=
	CommandLine=</Data></EventData></Event>
<Event xmlns='http://schemas.microsoft.com/win/2004/08/events/event'><System><Provider Name='PowerShell'/><EventID Qualifiers='0'>400</EventID><Version>0</Version><Level>4</Level><Task>4</Task><Opcode>0</Opcode><Keywords>0x80000000000000</Keywords><TimeCreated SystemTime='2020-08-24T07:17:43.1152419Z'/><EventRecordID>41</EventRecordID><Correlation/><Execution ProcessID='0' ThreadID='0'/><Channel>Windows PowerShell</Channel><Computer>hswnpdadvm01</Computer><Security/></System><EventData><Data>Available</Data><Data>None</Data><Data>	NewEngineState=Available
	PreviousEngineState=None

	SequenceNumber=17

	HostName=Default Host
	HostVersion=5.1.19041.1
	HostId=d36706fd-75d9-46db-987f-49c9e989f392
	HostApplication=C:\Windows\System32\RemoteFXvGPUDisablement.exe Disable
	EngineVersion=5.1.19041.1
	RunspaceId=d2f557b4-9259-4cd7-a234-928a31c1462b
	PipelineId=
	CommandName=
	CommandType=
	ScriptName=
	CommandPath=
	CommandLine=</Data></EventData></Event>
<Event xmlns='http://schemas.microsoft.com/win/2004/08/events/event'><System><Provider Name='PowerShell'/><EventID Qualifiers='0'>403</EventID><Version>0</Version><Level>4</Level><Task>4</Task><Opcode>0</Opcode><Keywords>0x80000000000000</Keywords><TimeCreated SystemTime='2020-08-24T07:17:46.4730140Z'/><EventRecordID>42</EventRecordID><Correlation/><Execution ProcessID='0' ThreadID='0'/><Channel>Windows PowerShell</Channel><Computer>hswnpdadvm01</Computer><Security/></System><EventData><Data>Stopped</Data><Data>Available</Data><Data>	NewEngineState=Stopped
	PreviousEngineState=Available

	SequenceNumber=19

	HostName=Default Host
	HostVersion=5.1.19041.1
	HostId=d36706fd-75d9-46db-987f-49c9e989f392
	HostApplication=C:\Windows\System32\RemoteFXvGPUDisablement.exe Disable
	EngineVersion=5.1.19041.1
	RunspaceId=d2f557b4-9259-4cd7-a234-928a31c1462b
	PipelineId=
	CommandName=
	CommandType=
	ScriptName=
	CommandPath=
	CommandLine=</Data></EventData></Event>
<Event xmlns='http://schemas.microsoft.com/win/2004/08/events/event'><System><Provider Name='PowerShell'/><EventID Qualifiers='0'>600</EventID><Version>0</Version><Level>4</Level><Task>6</Task><Opcode>0</Opcode><Keywords>0x80000000000000</Keywords><TimeCreated SystemTime='2020-08-24T07:17:46.4881991Z'/><EventRecordID>43</EventRecordID><Correlation/><Execution ProcessID='0' ThreadID='0'/><Channel>Windows PowerShell</Channel><Computer>hswnpdadvm01</Computer><Security/></System><EventData><Data>Registry</Data><Data>Started</Data><Data>	ProviderName=Registry
	NewProviderState=Started

	SequenceNumber=21

	HostName=Default Host
	HostVersion=5.1.19041.1
	HostId=f1760878-a495-47a2-9e32-41116fedaaf0
	HostApplication=C:\Windows\System32\RemoteFXvGPUDisablement.exe Disable
	EngineVersion=
	RunspaceId=
	PipelineId=
	CommandName=
	CommandType=
	ScriptName=
	CommandPath=
	CommandLine=</Data></EventData></Event>
<Event xmlns='http://schemas.microsoft.com/win/2004/08/events/event'><System><Provider Name='PowerShell'/><EventID Qualifiers='0'>600</EventID><Version>0</Version><Level>4</Level><Task>6</Task><Opcode>0</Opcode><Keywords>0x80000000000000</Keywords><TimeCreated SystemTime='2020-08-24T07:17:46.4881991Z'/><EventRecordID>44</EventRecordID><Correlation/><Execution ProcessID='0' ThreadID='0'/><Channel>Windows PowerShell</Channel><Computer>hswnpdadvm01</Computer><Security/></System><EventData><Data>Alias</Data><Data>Started</Data><Data>	ProviderName=Alias
	NewProviderState=Started

	SequenceNumber=23

	HostName=Default Host
	HostVersion=5.1.19041.1
	HostId=f1760878-a495-47a2-9e32-41116fedaaf0
	HostApplication=C:\Windows\System32\RemoteFXvGPUDisablement.exe Disable
	EngineVersion=
	RunspaceId=
	PipelineId=
	CommandName=
	CommandType=
	ScriptName=
	CommandPath=
	CommandLine=</Data></EventData></Event>
<Event xmlns='http://schemas.microsoft.com/win/2004/08/events/event'><System><Provider Name='PowerShell'/><EventID Qualifiers='0'>600</EventID><Version>0</Version><Level>4</Level><Task>6</Task><Opcode>0</Opcode><Keywords>0x80000000000000</Keywords><TimeCreated SystemTime='2020-08-24T07:17:46.4881991Z'/><EventRecordID>45</EventRecordID><Correlation/><Execution ProcessID='0' ThreadID='0'/><Channel>Windows PowerShell</Channel><Computer>hswnpdadvm01</Computer><Security/></System><EventData><Data>Environment</Data><Data>Started</Data><Data>	ProviderName=Environment
	NewProviderState=Started

	SequenceNumber=25

	HostName=Default Host
	HostVersion=5.1.19041.1
	HostId=f1760878-a495-47a2-9e32-41116fedaaf0
	HostApplication=C:\Windows\System32\RemoteFXvGPUDisablement.exe Disable
	EngineVersion=
	RunspaceId=
	PipelineId=
	CommandName=
	CommandType=
	ScriptName=
	CommandPath=
	CommandLine=</Data></EventData></Event>
<Event xmlns='http://schemas.microsoft.com/win/2004/08/events/event'><System><Provider Name='PowerShell'/><EventID Qualifiers='0'>600</EventID><Version>0</Version><Level>4</Level><Task>6</Task><Opcode>0</Opcode><Keywords>0x80000000000000</Keywords><TimeCreated SystemTime='2020-08-24T07:17:46.4881991Z'/><EventRecordID>46</EventRecordID><Correlation/><Execution ProcessID='0' ThreadID='0'/><Channel>Windows PowerShell</Channel><Computer>hswnpdadvm01</Computer><Security/></System><EventData><Data>FileSystem</Data><Data>Started</Data><Data>	ProviderName=FileSystem
	NewProviderState=Started

	SequenceNumber=27

	HostName=Default Host
	HostVersion=5.1.19041.1
	HostId=f1760878-a495-47a2-9e32-41116fedaaf0
	HostApplication=C:\Windows\System32\RemoteFXvGPUDisablement.exe Disable
	EngineVersion=
	RunspaceId=
	PipelineId=
	CommandName=
	CommandType=
	ScriptName=
	CommandPath=
	CommandLine=</Data></EventData></Event>
<Event xmlns='http://schemas.microsoft.com/win/2004/08/events/event'><System><Provider Name='PowerShell'/><EventID Qualifiers='0'>600</EventID><Version>0</Version><Level>4</Level><Task>6</Task><Opcode>0</Opcode><Keywords>0x80000000000000</Keywords><TimeCreated SystemTime='2020-08-24T07:17:46.4881991Z'/><EventRecordID>47</EventRecordID><Correlation/><Execution ProcessID='0' ThreadID='0'/><Channel>Windows PowerShell</Channel><Computer>hswnpdadvm01</Computer><Security/></System><EventData><Data>Function</Data><Data>Started</Data><Data>	ProviderName=Function
	NewProviderState=Started

	SequenceNumber=29

	HostName=Default Host
	HostVersion=5.1.19041.1
	HostId=f1760878-a495-47a2-9e32-41116fedaaf0
	HostApplication=C:\Windows\System32\RemoteFXvGPUDisablement.exe Disable
	EngineVersion=
	RunspaceId=
	PipelineId=
	CommandName=
	CommandType=
	ScriptName=
	CommandPath=
	CommandLine=</Data></EventData></Event>
<Event xmlns='http://schemas.microsoft.com/win/2004/08/events/event'><System><Provider Name='PowerShell'/><EventID Qualifiers='0'>600</EventID><Version>0</Version><Level>4</Level><Task>6</Task><Opcode>0</Opcode><Keywords>0x80000000000000</Keywords><TimeCreated SystemTime='2020-08-24T07:17:46.4881991Z'/><EventRecordID>48</EventRecordID><Correlation/><Execution ProcessID='0' ThreadID='0'/><Channel>Windows PowerShell</Channel><Computer>hswnpdadvm01</Computer><Security/></System><EventData><Data>Variable</Data><Data>Started</Data><Data>	ProviderName=Variable
	NewProviderState=Started

	SequenceNumber=31

	HostName=Default Host
	HostVersion=5.1.19041.1
	HostId=f1760878-a495-47a2-9e32-41116fedaaf0
	HostApplication=C:\Windows\System32\RemoteFXvGPUDisablement.exe Disable
	EngineVersion=
	RunspaceId=
	PipelineId=
	CommandName=
	CommandType=
	ScriptName=
	CommandPath=
	CommandLine=</Data></EventData></Event>
<Event xmlns='http://schemas.microsoft.com/win/2004/08/events/event'><System><Provider Name='PowerShell'/><EventID Qualifiers='0'>600</EventID><Version>0</Version><Level>4</Level><Task>6</Task><Opcode>0</Opcode><Keywords>0x80000000000000</Keywords><TimeCreated SystemTime='2020-08-24T07:17:46.4881991Z'/><EventRecordID>49</EventRecordID><Correlation/><Execution ProcessID='0' ThreadID='0'/><Channel>Windows PowerShell</Channel><Computer>hswnpdadvm01</Computer><Security/></System><EventData><Data>Certificate</Data><Data>Started</Data><Data>	ProviderName=Certificate
	NewProviderState=Started

	SequenceNumber=33

	HostName=Default Host
	HostVersion=5.1.19041.1
	HostId=f1760878-a495-47a2-9e32-41116fedaaf0
	HostApplication=C:\Windows\System32\RemoteFXvGPUDisablement.exe Disable
	EngineVersion=
	RunspaceId=
	PipelineId=
	CommandName=
	CommandType=
	ScriptName=
	CommandPath=
	CommandLine=</Data></EventData></Event>
<Event xmlns='http://schemas.microsoft.com/win/2004/08/events/event'><System><Provider Name='PowerShell'/><EventID Qualifiers='0'>600</EventID><Version>0</Version><Level>4</Level><Task>6</Task><Opcode>0</Opcode><Keywords>0x80000000000000</Keywords><TimeCreated SystemTime='2020-08-24T07:17:46.4881991Z'/><EventRecordID>50</EventRecordID><Correlation/><Execution ProcessID='0' ThreadID='0'/><Channel>Windows PowerShell</Channel><Computer>hswnpdadvm01</Computer><Security/></System><EventData><Data>WSMan</Data><Data>Started</Data><Data>	ProviderName=WSMan
	NewProviderState=Started

	SequenceNumber=35

	HostName=Default Host
	HostVersion=5.1.19041.1
	HostId=f1760878-a495-47a2-9e32-41116fedaaf0
	HostApplication=C:\Windows\System32\RemoteFXvGPUDisablement.exe Disable
	EngineVersion=
	RunspaceId=
	PipelineId=
	CommandName=
	CommandType=
	ScriptName=
	CommandPath=
	CommandLine=</Data></EventData></Event>
<Event xmlns='http://schemas.microsoft.com/win/2004/08/events/event'><System><Provider Name='PowerShell'/><EventID Qualifiers='0'>400</EventID><Version>0</Version><Level>4</Level><Task>4</Task><Opcode>0</Opcode><Keywords>0x80000000000000</Keywords><TimeCreated SystemTime='2020-08-24T07:17:46.4881991Z'/><EventRecordID>51</EventRecordID><Correlation/><Execution ProcessID='0' ThreadID='0'/><Channel>Windows PowerShell</Channel><Computer>hswnpdadvm01</Computer><Security/></System><EventData><Data>Available</Data><Data>None</Data><Data>	NewEngineState=Available
	PreviousEngineState=None

	SequenceNumber=37

	HostName=Default Host
	HostVersion=5.1.19041.1
	HostId=f1760878-a495-47a2-9e32-41116fedaaf0
	HostApplication=C:\Windows\System32\RemoteFXvGPUDisablement.exe Disable
	EngineVersion=5.1.19041.1
	RunspaceId=1791b870-8fe5-4aed-b9c9-dc87164133aa
	PipelineId=
	CommandName=
	CommandType=
	ScriptName=
	CommandPath=
	CommandLine=</Data></EventData></Event>
<Event xmlns='http://schemas.microsoft.com/win/2004/08/events/event'><System><Provider Name='PowerShell'/><EventID Qualifiers='0'>403</EventID><Version>0</Version><Level>4</Level><Task>4</Task><Opcode>0</Opcode><Keywords>0x80000000000000</Keywords><TimeCreated SystemTime='2020-08-24T07:17:48.2769865Z'/><EventRecordID>52</EventRecordID><Correlation/><Execution ProcessID='0' ThreadID='0'/><Channel>Windows PowerShell</Channel><Computer>hswnpdadvm01</Computer><Security/></System><EventData><Data>Stopped</Data><Data>Available</Data><Data>	NewEngineState=Stopped
	PreviousEngineState=Available

	SequenceNumber=39

	HostName=Default Host
	HostVersion=5.1.19041.1
	HostId=f1760878-a495-47a2-9e32-41116fedaaf0
	HostApplication=C:\Windows\System32\RemoteFXvGPUDisablement.exe Disable
	EngineVersion=5.1.19041.1
	RunspaceId=1791b870-8fe5-4aed-b9c9-dc87164133aa
	PipelineId=
	CommandName=
	CommandType=
	ScriptName=
	CommandPath=
	CommandLine=</Data></EventData></Event>
<Event xmlns='http://schemas.microsoft.com/win/2004/08/events/event'><System><Provider Name='PowerShell'/><EventID Qualifiers='0'>600</EventID><Version>0</Version><Level>4</Level><Task>6</Task><Opcode>0</Opcode><Keywords>0x80000000000000</Keywords><TimeCreated SystemTime='2020-08-24T09:42:56.5411938Z'/><EventRecordID>53</EventRecordID><Correlation/><Execution ProcessID='0' ThreadID='0'/><Channel>Windows PowerShell</Channel><Computer>hswnpdadvm01</Computer><Security/></System><EventData><Data>Registry</Data><Data>Started</Data><Data>	ProviderName=Registry
	NewProviderState=Started

	SequenceNumber=1

	HostName=ConsoleHost
	HostVersion=5.1.19041.1
	HostId=6e6b66dc-96ab-4462-aeb6-b22295a25e7b
	HostApplication=powershell.exe
	EngineVersion=
	RunspaceId=
	PipelineId=
	CommandName=
	CommandType=
	ScriptName=
	CommandPath=
	CommandLine=</Data></EventData></Event>
<Event xmlns='http://schemas.microsoft.com/win/2004/08/events/event'><System><Provider Name='PowerShell'/><EventID Qualifiers='0'>600</EventID><Version>0</Version><Level>4</Level><Task>6</Task><Opcode>0</Opcode><Keywords>0x80000000000000</Keywords><TimeCreated SystemTime='2020-08-24T09:42:56.5411938Z'/><EventRecordID>54</EventRecordID><Correlation/><Execution ProcessID='0' ThreadID='0'/><Channel>Windows PowerShell</Channel><Computer>hswnpdadvm01</Computer><Security/></System><EventData><Data>Alias</Data><Data>Started</Data><Data>	ProviderName=Alias
	NewProviderState=Started

	SequenceNumber=3

	HostName=ConsoleHost
	HostVersion=5.1.19041.1
	HostId=6e6b66dc-96ab-4462-aeb6-b22295a25e7b
	HostApplication=powershell.exe
	EngineVersion=
	RunspaceId=
	PipelineId=
	CommandName=
	CommandType=
	ScriptName=
	CommandPath=
	CommandLine=</Data></EventData></Event>
<Event xmlns='http://schemas.microsoft.com/win/2004/08/events/event'><System><Provider Name='PowerShell'/><EventID Qualifiers='0'>600</EventID><Version>0</Version><Level>4</Level><Task>6</Task><Opcode>0</Opcode><Keywords>0x80000000000000</Keywords><TimeCreated SystemTime='2020-08-24T09:42:56.5411938Z'/><EventRecordID>55</EventRecordID><Correlation/><Execution ProcessID='0' ThreadID='0'/><Channel>Windows PowerShell</Channel><Computer>hswnpdadvm01</Computer><Security/></System><EventData><Data>Environment</Data><Data>Started</Data><Data>	ProviderName=Environment
	NewProviderState=Started

	SequenceNumber=5

	HostName=ConsoleHost
	HostVersion=5.1.19041.1
	HostId=6e6b66dc-96ab-4462-aeb6-b22295a25e7b
	HostApplication=powershell.exe
	EngineVersion=
	RunspaceId=
	PipelineId=
	CommandName=
	CommandType=
	ScriptName=
	CommandPath=
	CommandLine=</Data></EventData></Event>
<Event xmlns='http://schemas.microsoft.com/win/2004/08/events/event'><System><Provider Name='PowerShell'/><EventID Qualifiers='0'>600</EventID><Version>0</Version><Level>4</Level><Task>6</Task><Opcode>0</Opcode><Keywords>0x80000000000000</Keywords><TimeCreated SystemTime='2020-08-24T09:42:56.5411938Z'/><EventRecordID>56</EventRecordID><Correlation/><Execution ProcessID='0' ThreadID='0'/><Channel>Windows PowerShell</Channel><Computer>hswnpdadvm01</Computer><Security/></System><EventData><Data>FileSystem</Data><Data>Started</Data><Data>	ProviderName=FileSystem
	NewProviderState=Started

	SequenceNumber=7

	HostName=ConsoleHost
	HostVersion=5.1.19041.1
	HostId=6e6b66dc-96ab-4462-aeb6-b22295a25e7b
	HostApplication=powershell.exe
	EngineVersion=
	RunspaceId=
	PipelineId=
	CommandName=
	CommandType=
	ScriptName=
	CommandPath=
	CommandLine=</Data></EventData></Event>
<Event xmlns='http://schemas.microsoft.com/win/2004/08/events/event'><System><Provider Name='PowerShell'/><EventID Qualifiers='0'>600</EventID><Version>0</Version><Level>4</Level><Task>6</Task><Opcode>0</Opcode><Keywords>0x80000000000000</Keywords><TimeCreated SystemTime='2020-08-24T09:42:56.5411938Z'/><EventRecordID>57</EventRecordID><Correlation/><Execution ProcessID='0' ThreadID='0'/><Channel>Windows PowerShell</Channel><Computer>hswnpdadvm01</Computer><Security/></System><EventData><Data>Function</Data><Data>Started</Data><Data>	ProviderName=Function
	NewProviderState=Started

	SequenceNumber=9

	HostName=ConsoleHost
	HostVersion=5.1.19041.1
	HostId=6e6b66dc-96ab-4462-aeb6-b22295a25e7b
	HostApplication=powershell.exe
	EngineVersion=
	RunspaceId=
	PipelineId=
	CommandName=
	CommandType=
	ScriptName=
	CommandPath=
	CommandLine=</Data></EventData></Event>
<Event xmlns='http://schemas.microsoft.com/win/2004/08/events/event'><System><Provider Name='PowerShell'/><EventID Qualifiers='0'>600</EventID><Version>0</Version><Level>4</Level><Task>6</Task><Opcode>0</Opcode><Keywords>0x80000000000000</Keywords><TimeCreated SystemTime='2020-08-24T09:42:56.5411938Z'/><EventRecordID>58</EventRecordID><Correlation/><Execution ProcessID='0' ThreadID='0'/><Channel>Windows PowerShell</Channel><Computer>hswnpdadvm01</Computer><Security/></System><EventData><Data>Variable</Data><Data>Started</Data><Data>	ProviderName=Variable
	NewProviderState=Started

	SequenceNumber=11

	HostName=ConsoleHost
	HostVersion=5.1.19041.1
	HostId=6e6b66dc-96ab-4462-aeb6-b22295a25e7b
	HostApplication=powershell.exe
	EngineVersion=
	RunspaceId=
	PipelineId=
	CommandName=
	CommandType=
	ScriptName=
	CommandPath=
	CommandLine=</Data></EventData></Event>
<Event xmlns='http://schemas.microsoft.com/win/2004/08/events/event'><System><Provider Name='PowerShell'/><EventID Qualifiers='0'>400</EventID><Version>0</Version><Level>4</Level><Task>4</Task><Opcode>0</Opcode><Keywords>0x80000000000000</Keywords><TimeCreated SystemTime='2020-08-24T09:42:56.5411938Z'/><EventRecordID>59</EventRecordID><Correlation/><Execution ProcessID='0' ThreadID='0'/><Channel>Windows PowerShell</Channel><Computer>hswnpdadvm01</Computer><Security/></System><EventData><Data>Available</Data><Data>None</Data><Data>	NewEngineState=Available
	PreviousEngineState=None

	SequenceNumber=13

	HostName=ConsoleHost
	HostVersion=5.1.19041.1
	HostId=6e6b66dc-96ab-4462-aeb6-b22295a25e7b
	HostApplication=powershell.exe
	EngineVersion=5.1.19041.1
	RunspaceId=51b014db-0dfa-4432-bb8d-876d54b3a3de
	PipelineId=
	CommandName=
	CommandType=
	ScriptName=
	CommandPath=
	CommandLine=</Data></EventData></Event>
