<Event xmlns='http://schemas.microsoft.com/win/2004/08/events/event'><System><Provider Name='Microsoft-Windows-TerminalServices-RemoteConnectionManager' Guid='{c76baa63-ae81-421c-b425-340b4b24157f}'/><EventID>20523</EventID><Version>0</Version><Level>4</Level><Task>0</Task><Opcode>0</Opcode><Keywords>0x1000000000000000</Keywords><TimeCreated SystemTime='2020-08-26T19:02:16.0143079Z'/><EventRecordID>1</EventRecordID><Correlation ActivityID='{f4626654-32b8-4dcc-bf9a-4414469c0000}'/><Execution ProcessID='388' ThreadID='1196'/><Channel>Microsoft-Windows-TerminalServices-RemoteConnectionManager/Operational</Channel><Computer>hswnpdadvm01</Computer><Security UserID='S-1-5-20'/></System><UserData><EventXML xmlns='Event_NS'><ListenerName>RDP-Tcp</ListenerName><Class>{5828227c-20cf-4408-b73f-73ab70b8849f}</Class></EventXML></UserData></Event>
<Event xmlns='http://schemas.microsoft.com/win/2004/08/events/event'><System><Provider Name='Microsoft-Windows-TerminalServices-RemoteConnectionManager' Guid='{c76baa63-ae81-421c-b425-340b4b24157f}'/><EventID>258</EventID><Version>0</Version><Level>4</Level><Task>0</Task><Opcode>0</Opcode><Keywords>0x1000000000000000</Keywords><TimeCreated SystemTime='2020-08-26T19:02:16.5417223Z'/><EventRecordID>2</EventRecordID><Correlation ActivityID='{f4626654-32b8-4dcc-bf9a-4414469c0000}'/><Execution ProcessID='388' ThreadID='1196'/><Channel>Microsoft-Windows-TerminalServices-RemoteConnectionManager/Operational</Channel><Computer>hswnpdadvm01</Computer><Security UserID='S-1-5-20'/></System><UserData><EventXML xmlns='Event_NS'><listenerName>RDP-Tcp</listenerName></EventXML></UserData></Event>
<Event xmlns='http://schemas.microsoft.com/win/2004/08/events/event'><System><Provider Name='Microsoft-Windows-TerminalServices-RemoteConnectionManager' Guid='{c76baa63-ae81-421c-b425-340b4b24157f}'/><EventID>263</EventID><Version>0</Version><Level>4</Level><Task>0</Task><Opcode>0</Opcode><Keywords>0x1000000000000000</Keywords><TimeCreated SystemTime='2020-08-26T19:02:16.5559031Z'/><EventRecordID>3</EventRecordID><Correlation ActivityID='{f4626654-32b8-4dcc-bf9a-4414469c0000}'/><Execution ProcessID='388' ThreadID='1196'/><Channel>Microsoft-Windows-TerminalServices-RemoteConnectionManager/Operational</Channel><Computer>hswnpdadvm01</Computer><Security UserID='S-1-5-20'/></System><EventData></EventData></Event>
<Event xmlns='http://schemas.microsoft.com/win/2004/08/events/event'><System><Provider Name='Microsoft-Windows-TerminalServices-RemoteConnectionManager' Guid='{c76baa63-ae81-421c-b425-340b4b24157f}'/><EventID>1136</EventID><Version>0</Version><Level>4</Level><Task>0</Task><Opcode>0</Opcode><Keywords>0x1000000000000000</Keywords><TimeCreated SystemTime='2020-08-26T19:02:17.1168894Z'/><EventRecordID>4</EventRecordID><Correlation/><Execution ProcessID='2380' ThreadID='2444'/><Channel>Microsoft-Windows-TerminalServices-RemoteConnectionManager/Operational</Channel><Computer>hswnpdadvm01</Computer><Security UserID='S-1-5-18'/></System><EventData></EventData></Event>
<Event xmlns='http://schemas.microsoft.com/win/2004/08/events/event'><System><Provider Name='Microsoft-Windows-TerminalServices-RemoteConnectionManager' Guid='{c76baa63-ae81-421c-b425-340b4b24157f}'/><EventID>263</EventID><Version>0</Version><Level>4</Level><Task>0</Task><Opcode>0</Opcode><Keywords>0x1000000000000000</Keywords><TimeCreated SystemTime='2020-08-26T19:02:17.1583742Z'/><EventRecordID>5</EventRecordID><Correlation ActivityID='{f4620a17-fa8f-46ae-9247-75ed4c170000}'/><Execution ProcessID='388' ThreadID='1196'/><Channel>Microsoft-Windows-TerminalServices-RemoteConnectionManager/Operational</Channel><Computer>hswnpdadvm01</Computer><Security UserID='S-1-5-20'/></System><EventData></EventData></Event>
<Event xmlns='http://schemas.microsoft.com/win/2004/08/events/event'><System><Provider Name='Microsoft-Windows-TerminalServices-RemoteConnectionManager' Guid='{c76baa63-ae81-421c-b425-340b4b24157f}'/><EventID>263</EventID><Version>0</Version><Level>4</Level><Task>0</Task><Opcode>0</Opcode><Keywords>0x1000000000000000</Keywords><TimeCreated SystemTime='2020-08-26T19:02:17.2137027Z'/><EventRecordID>6</EventRecordID><Correlation ActivityID='{f462eff8-570e-45de-90ef-581d7d040000}'/><Execution ProcessID='388' ThreadID='1196'/><Channel>Microsoft-Windows-TerminalServices-RemoteConnectionManager/Operational</Channel><Computer>hswnpdadvm01</Computer><Security UserID='S-1-5-20'/></System><EventData></EventData></Event>
<Event xmlns='http://schemas.microsoft.com/win/2004/08/events/event'><System><Provider Name='Microsoft-Windows-TerminalServices-RemoteConnectionManager' Guid='{c76baa63-ae81-421c-b425-340b4b24157f}'/><EventID>263</EventID><Version>0</Version><Level>4</Level><Task>0</Task><Opcode>0</Opcode><Keywords>0x1000000000000000</Keywords><TimeCreated SystemTime='2020-08-26T19:02:17.2449342Z'/><EventRecordID>7</EventRecordID><Correlation ActivityID='{f462762d-ee00-4da3-97ce-0faa8bba0000}'/><Execution ProcessID='388' ThreadID='1196'/><Channel>Microsoft-Windows-TerminalServices-RemoteConnectionManager/Operational</Channel><Computer>hswnpdadvm01</Computer><Security UserID='S-1-5-20'/></System><EventData></EventData></Event>
<Event xmlns='http://schemas.microsoft.com/win/2004/08/events/event'><System><Provider Name='Microsoft-Windows-TerminalServices-RemoteConnectionManager' Guid='{c76baa63-ae81-421c-b425-340b4b24157f}'/><EventID>263</EventID><Version>0</Version><Level>4</Level><Task>0</Task><Opcode>0</Opcode><Keywords>0x1000000000000000</Keywords><TimeCreated SystemTime='2020-08-26T19:02:17.2764975Z'/><EventRecordID>8</EventRecordID><Correlation ActivityID='{f4628efd-b548-4956-b6fe-d14c19cb0000}'/><Execution ProcessID='388' ThreadID='1196'/><Channel>Microsoft-Windows-TerminalServices-RemoteConnectionManager/Operational</Channel><Computer>hswnpdadvm01</Computer><Security UserID='S-1-5-20'/></System><EventData></EventData></Event>
<Event xmlns='http://schemas.microsoft.com/win/2004/08/events/event'><System><Provider Name='Microsoft-Windows-TerminalServices-RemoteConnectionManager' Guid='{c76baa63-ae81-421c-b425-340b4b24157f}'/><EventID>263</EventID><Version>0</Version><Level>4</Level><Task>0</Task><Opcode>0</Opcode><Keywords>0x1000000000000000</Keywords><TimeCreated SystemTime='2020-08-26T19:02:17.3048262Z'/><EventRecordID>9</EventRecordID><Correlation ActivityID='{f46213a6-40cf-4354-97b9-dcbfeb1d0000}'/><Execution ProcessID='388' ThreadID='1196'/><Channel>Microsoft-Windows-TerminalServices-RemoteConnectionManager/Operational</Channel><Computer>hswnpdadvm01</Computer><Security UserID='S-1-5-20'/></System><EventData></EventData></Event>
<Event xmlns='http://schemas.microsoft.com/win/2004/08/events/event'><System><Provider Name='Microsoft-Windows-TerminalServices-RemoteConnectionManager' Guid='{c76baa63-ae81-421c-b425-340b4b24157f}'/><EventID>263</EventID><Version>0</Version><Level>4</Level><Task>0</Task><Opcode>0</Opcode><Keywords>0x1000000000000000</Keywords><TimeCreated SystemTime='2020-08-27T16:06:08.9845582Z'/><EventRecordID>10</EventRecordID><Correlation ActivityID='{f46272ea-76d3-4e02-800b-3e1f18550000}'/><Execution ProcessID='388' ThreadID='6316'/><Channel>Microsoft-Windows-TerminalServices-RemoteConnectionManager/Operational</Channel><Computer>hswnpdadvm01</Computer><Security UserID='S-1-5-20'/></System><EventData></EventData></Event>
