<Event xmlns='http://schemas.microsoft.com/win/2004/08/events/event'><System><Provider Name='Microsoft-Windows-TerminalServices-RemoteConnectionManager' Guid='{c76baa63-ae81-421c-b425-340b4b24157f}'/><EventID>1158</EventID><Version>0</Version><Level>4</Level><Task>0</Task><Opcode>0</Opcode><Keywords>0x4000000000000000</Keywords><TimeCreated SystemTime='2020-08-29T12:03:38.9743956Z'/><EventRecordID>1</EventRecordID><Correlation ActivityID='{f4204eaa-ad6d-4368-b703-7504b2ac0000}'/><Execution ProcessID='388' ThreadID='10044'/><Channel>Microsoft-Windows-TerminalServices-RemoteConnectionManager/Admin</Channel><Computer>hswnpdadvm01</Computer><Security UserID='S-1-5-20'/></System><UserData><EventXML xmlns='Event_NS'><Param1>172.16.124.5</Param1></EventXML></UserData></Event>
