<Event xmlns='http://schemas.microsoft.com/win/2004/08/events/event'><System><Provider Name='Microsoft-Windows-Servicing' Guid='{bd12f3b8-fc40-4a61-a307-b7a013a069c1}'/><EventID>1</EventID><Version>0</Version><Level>0</Level><Task>1</Task><Opcode>0</Opcode><Keywords>0x8000000000000000</Keywords><TimeCreated SystemTime='2020-08-21T13:24:21.9092149Z'/><EventRecordID>1</EventRecordID><Correlation/><Execution ProcessID='4504' ThreadID='9120'/><Channel>Setup</Channel><Computer>hswnpdadvm</Computer><Security UserID='S-1-5-18'/></System><UserData><CbsPackageInitiateChanges xmlns='http://manifests.microsoft.com/win/2004/08/windows/setup_provider'><PackageIdentifier>KB4561600</PackageIdentifier><InitialPackageState>5000</InitialPackageState><InitialPackageStateTextized>Absent</InitialPackageStateTextized><IntendedPackageState>5112</IntendedPackageState><IntendedPackageStateTextized>Installed</IntendedPackageStateTextized><Client>WindowsUpdateAgent</Client></CbsPackageInitiateChanges></UserData></Event>
<Event xmlns='http://schemas.microsoft.com/win/2004/08/events/event'><System><Provider Name='Microsoft-Windows-Servicing' Guid='{bd12f3b8-fc40-4a61-a307-b7a013a069c1}'/><EventID>2</EventID><Version>0</Version><Level>0</Level><Task>1</Task><Opcode>0</Opcode><Keywords>0x8000000000000000</Keywords><TimeCreated SystemTime='2020-08-21T13:24:26.0789387Z'/><EventRecordID>2</EventRecordID><Correlation/><Execution ProcessID='4504' ThreadID='9120'/><Channel>Setup</Channel><Computer>hswnpdadvm</Computer><Security UserID='S-1-5-18'/></System><UserData><CbsPackageChangeState xmlns='http://manifests.microsoft.com/win/2004/08/windows/setup_provider'><PackageIdentifier>KB4561600</PackageIdentifier><IntendedPackageState>5112</IntendedPackageState><IntendedPackageStateTextized>Installed</IntendedPackageStateTextized><ErrorCode>0x0</ErrorCode><Client>WindowsUpdateAgent</Client></CbsPackageChangeState></UserData></Event>
<Event xmlns='http://schemas.microsoft.com/win/2004/08/events/event'><System><Provider Name='Microsoft-Windows-Servicing' Guid='{bd12f3b8-fc40-4a61-a307-b7a013a069c1}'/><EventID>1</EventID><Version>0</Version><Level>0</Level><Task>1</Task><Opcode>0</Opcode><Keywords>0x8000000000000000</Keywords><TimeCreated SystemTime='2020-08-21T13:29:05.2607230Z'/><EventRecordID>3</EventRecordID><Correlation/><Execution ProcessID='7164' ThreadID='344'/><Channel>Setup</Channel><Computer>hswnpdadvm</Computer><Security UserID='S-1-5-18'/></System><UserData><CbsPackageInitiateChanges xmlns='http://manifests.microsoft.com/win/2004/08/windows/setup_provider'><PackageIdentifier>KB4569745</PackageIdentifier><InitialPackageState>5000</InitialPackageState><InitialPackageStateTextized>Absent</InitialPackageStateTextized><IntendedPackageState>5112</IntendedPackageState><IntendedPackageStateTextized>Installed</IntendedPackageStateTextized><Client>WindowsUpdateAgent</Client></CbsPackageInitiateChanges></UserData></Event>
<Event xmlns='http://schemas.microsoft.com/win/2004/08/events/event'><System><Provider Name='Microsoft-Windows-Servicing' Guid='{bd12f3b8-fc40-4a61-a307-b7a013a069c1}'/><EventID>2</EventID><Version>0</Version><Level>0</Level><Task>1</Task><Opcode>0</Opcode><Keywords>0x8000000000000000</Keywords><TimeCreated SystemTime='2020-08-21T13:29:21.4610567Z'/><EventRecordID>4</EventRecordID><Correlation/><Execution ProcessID='7164' ThreadID='344'/><Channel>Setup</Channel><Computer>hswnpdadvm</Computer><Security UserID='S-1-5-18'/></System><UserData><CbsPackageChangeState xmlns='http://manifests.microsoft.com/win/2004/08/windows/setup_provider'><PackageIdentifier>KB4569745</PackageIdentifier><IntendedPackageState>5112</IntendedPackageState><IntendedPackageStateTextized>Installed</IntendedPackageStateTextized><ErrorCode>0x0</ErrorCode><Client>WindowsUpdateAgent</Client></CbsPackageChangeState></UserData></Event>
<Event xmlns='http://schemas.microsoft.com/win/2004/08/events/event'><System><Provider Name='Microsoft-Windows-Servicing' Guid='{bd12f3b8-fc40-4a61-a307-b7a013a069c1}'/><EventID>1</EventID><Version>0</Version><Level>0</Level><Task>1</Task><Opcode>0</Opcode><Keywords>0x8000000000000000</Keywords><TimeCreated SystemTime='2020-08-21T13:29:42.2171893Z'/><EventRecordID>5</EventRecordID><Correlation/><Execution ProcessID='7164' ThreadID='7416'/><Channel>Setup</Channel><Computer>hswnpdadvm</Computer><Security UserID='S-1-5-18'/></System><UserData><CbsPackageInitiateChanges xmlns='http://manifests.microsoft.com/win/2004/08/windows/setup_provider'><PackageIdentifier>KB4570334</PackageIdentifier><InitialPackageState>5000</InitialPackageState><InitialPackageStateTextized>Absent</InitialPackageStateTextized><IntendedPackageState>5112</IntendedPackageState><IntendedPackageStateTextized>Installed</IntendedPackageStateTextized><Client>UpdateAgentLCU</Client></CbsPackageInitiateChanges></UserData></Event>
<Event xmlns='http://schemas.microsoft.com/win/2004/08/events/event'><System><Provider Name='Microsoft-Windows-Servicing' Guid='{bd12f3b8-fc40-4a61-a307-b7a013a069c1}'/><EventID>2</EventID><Version>0</Version><Level>0</Level><Task>1</Task><Opcode>0</Opcode><Keywords>0x8000000000000000</Keywords><TimeCreated SystemTime='2020-08-21T13:29:49.1378368Z'/><EventRecordID>6</EventRecordID><Correlation/><Execution ProcessID='7164' ThreadID='7416'/><Channel>Setup</Channel><Computer>hswnpdadvm</Computer><Security UserID='S-1-5-18'/></System><UserData><CbsPackageChangeState xmlns='http://manifests.microsoft.com/win/2004/08/windows/setup_provider'><PackageIdentifier>KB4570334</PackageIdentifier><IntendedPackageState>5112</IntendedPackageState><IntendedPackageStateTextized>Installed</IntendedPackageStateTextized><ErrorCode>0x0</ErrorCode><Client>UpdateAgentLCU</Client></CbsPackageChangeState></UserData></Event>
<Event xmlns='http://schemas.microsoft.com/win/2004/08/events/event'><System><Provider Name='Microsoft-Windows-Servicing' Guid='{bd12f3b8-fc40-4a61-a307-b7a013a069c1}'/><EventID>1</EventID><Version>0</Version><Level>0</Level><Task>1</Task><Opcode>0</Opcode><Keywords>0x8000000000000000</Keywords><TimeCreated SystemTime='2020-08-21T13:30:33.3086028Z'/><EventRecordID>7</EventRecordID><Correlation/><Execution ProcessID='1224' ThreadID='10104'/><Channel>Setup</Channel><Computer>hswnpdadvm</Computer><Security UserID='S-1-5-18'/></System><UserData><CbsPackageInitiateChanges xmlns='http://manifests.microsoft.com/win/2004/08/windows/setup_provider'><PackageIdentifier>KB4566782</PackageIdentifier><InitialPackageState>5000</InitialPackageState><InitialPackageStateTextized>Absent</InitialPackageStateTextized><IntendedPackageState>5112</IntendedPackageState><IntendedPackageStateTextized>Installed</IntendedPackageStateTextized><Client>UpdateAgentLCU</Client></CbsPackageInitiateChanges></UserData></Event>
<Event xmlns='http://schemas.microsoft.com/win/2004/08/events/event'><System><Provider Name='Microsoft-Windows-Servicing' Guid='{bd12f3b8-fc40-4a61-a307-b7a013a069c1}'/><EventID>4</EventID><Version>0</Version><Level>0</Level><Task>1</Task><Opcode>0</Opcode><Keywords>0x8000000000000000</Keywords><TimeCreated SystemTime='2020-08-21T13:36:49.2280414Z'/><EventRecordID>8</EventRecordID><Correlation/><Execution ProcessID='1224' ThreadID='10104'/><Channel>Setup</Channel><Computer>hswnpdadvm</Computer><Security UserID='S-1-5-18'/></System><UserData><CbsPackageChangeState xmlns='http://manifests.microsoft.com/win/2004/08/windows/setup_provider'><PackageIdentifier>KB4566782</PackageIdentifier><IntendedPackageState>5112</IntendedPackageState><IntendedPackageStateTextized>Installed</IntendedPackageStateTextized><ErrorCode>0x0</ErrorCode><Client>UpdateAgentLCU</Client></CbsPackageChangeState></UserData></Event>
<Event xmlns='http://schemas.microsoft.com/win/2004/08/events/event'><System><Provider Name='Microsoft-Windows-Servicing' Guid='{bd12f3b8-fc40-4a61-a307-b7a013a069c1}'/><EventID>8</EventID><Version>0</Version><Level>0</Level><Task>1</Task><Opcode>0</Opcode><Keywords>0x8000000000000000</Keywords><TimeCreated SystemTime='2020-08-21T13:40:25.0975993Z'/><EventRecordID>9</EventRecordID><Correlation/><Execution ProcessID='9044' ThreadID='8264'/><Channel>Setup</Channel><Computer>hswnpdadvm</Computer><Security UserID='S-1-5-18'/></System><UserData><CbsUpdateChangeState xmlns='http://manifests.microsoft.com/win/2004/08/windows/setup_provider'><UpdateName>Windows-Defender-Default-Definitions</UpdateName><PackageIdentifier>Windows-Defender-Client</PackageIdentifier><ErrorCode></ErrorCode><Client>DISM Package Manager Provider</Client></CbsUpdateChangeState></UserData></Event>
<Event xmlns='http://schemas.microsoft.com/win/2004/08/events/event'><System><Provider Name='Microsoft-Windows-Servicing' Guid='{bd12f3b8-fc40-4a61-a307-b7a013a069c1}'/><EventID>14</EventID><Version>0</Version><Level>0</Level><Task>1</Task><Opcode>0</Opcode><Keywords>0x8000000000000000</Keywords><TimeCreated SystemTime='2020-08-21T13:40:43.1005423Z'/><EventRecordID>10</EventRecordID><Correlation/><Execution ProcessID='9044' ThreadID='8264'/><Channel>Setup</Channel><Computer>hswnpdadvm</Computer><Security UserID='S-1-5-18'/></System><UserData><CbsUpdateChangeState xmlns='http://manifests.microsoft.com/win/2004/08/windows/setup_provider'><UpdateName>Windows-Defender-Default-Definitions</UpdateName><PackageIdentifier>Windows-Defender-Client</PackageIdentifier><ErrorCode>0x0</ErrorCode><Client>DISM Package Manager Provider</Client></CbsUpdateChangeState></UserData></Event>
<Event xmlns='http://schemas.microsoft.com/win/2004/08/events/event'><System><Provider Name='Microsoft-Windows-Servicing' Guid='{bd12f3b8-fc40-4a61-a307-b7a013a069c1}'/><EventID>2</EventID><Version>0</Version><Level>0</Level><Task>1</Task><Opcode>0</Opcode><Keywords>0x8000000000000000</Keywords><TimeCreated SystemTime='2020-08-24T05:12:49.4906756Z'/><EventRecordID>11</EventRecordID><Correlation ActivityID='{14afd712-79d5-0000-6fda-af14d579d601}'/><Execution ProcessID='1956' ThreadID='1980'/><Channel>Setup</Channel><Computer>hswnpdadvm</Computer><Security UserID='S-1-5-18'/></System><UserData><CbsPackageChangeState xmlns='http://manifests.microsoft.com/win/2004/08/windows/setup_provider'><PackageIdentifier>KB4566782</PackageIdentifier><IntendedPackageState>5112</IntendedPackageState><IntendedPackageStateTextized>Installed</IntendedPackageStateTextized><ErrorCode>0x0</ErrorCode><Client>UpdateAgentLCU</Client></CbsPackageChangeState></UserData></Event>
<Event xmlns='http://schemas.microsoft.com/win/2004/08/events/event'><System><Provider Name='Microsoft-Windows-Servicing' Guid='{bd12f3b8-fc40-4a61-a307-b7a013a069c1}'/><EventID>10</EventID><Version>0</Version><Level>0</Level><Task>1</Task><Opcode>0</Opcode><Keywords>0x8000000000000000</Keywords><TimeCreated SystemTime='2020-08-24T05:12:50.5577146Z'/><EventRecordID>12</EventRecordID><Correlation ActivityID='{14afd712-79d5-0000-6fda-af14d579d601}'/><Execution ProcessID='1956' ThreadID='1980'/><Channel>Setup</Channel><Computer>hswnpdadvm</Computer><Security UserID='S-1-5-18'/></System><UserData><CbsUpdateChangeState xmlns='http://manifests.microsoft.com/win/2004/08/windows/setup_provider'><UpdateName>Windows-Defender-Default-Definitions</UpdateName><PackageIdentifier>Windows-Defender-Client</PackageIdentifier><ErrorCode>0x0</ErrorCode><Client>DISM Package Manager Provider</Client></CbsUpdateChangeState></UserData></Event>
<Event xmlns='http://schemas.microsoft.com/win/2004/08/events/event'><System><Provider Name='Microsoft-Windows-Servicing' Guid='{bd12f3b8-fc40-4a61-a307-b7a013a069c1}'/><EventID>7</EventID><Version>0</Version><Level>0</Level><Task>1</Task><Opcode>0</Opcode><Keywords>0x8000000000000000</Keywords><TimeCreated SystemTime='2020-08-24T05:18:03.7151491Z'/><EventRecordID>13</EventRecordID><Correlation/><Execution ProcessID='512' ThreadID='916'/><Channel>Setup</Channel><Computer>hswnpdadvm</Computer><Security UserID='S-1-5-18'/></System><UserData><CbsUpdateChangeState xmlns='http://manifests.microsoft.com/win/2004/08/windows/setup_provider'><UpdateName>IIS-WebServerRole</UpdateName><PackageIdentifier>IIS-WebServer-Package</PackageIdentifier><ErrorCode></ErrorCode><Client>Windows Optional Component Manager</Client></CbsUpdateChangeState></UserData></Event>
<Event xmlns='http://schemas.microsoft.com/win/2004/08/events/event'><System><Provider Name='Microsoft-Windows-Servicing' Guid='{bd12f3b8-fc40-4a61-a307-b7a013a069c1}'/><EventID>7</EventID><Version>0</Version><Level>0</Level><Task>1</Task><Opcode>0</Opcode><Keywords>0x8000000000000000</Keywords><TimeCreated SystemTime='2020-08-24T05:18:03.7156792Z'/><EventRecordID>14</EventRecordID><Correlation/><Execution ProcessID='512' ThreadID='916'/><Channel>Setup</Channel><Computer>hswnpdadvm</Computer><Security UserID='S-1-5-18'/></System><UserData><CbsUpdateChangeState xmlns='http://manifests.microsoft.com/win/2004/08/windows/setup_provider'><UpdateName>IIS-HttpErrors</UpdateName><PackageIdentifier>IIS-WebServer-Package</PackageIdentifier><ErrorCode></ErrorCode><Client>Windows Optional Component Manager</Client></CbsUpdateChangeState></UserData></Event>
<Event xmlns='http://schemas.microsoft.com/win/2004/08/events/event'><System><Provider Name='Microsoft-Windows-Servicing' Guid='{bd12f3b8-fc40-4a61-a307-b7a013a069c1}'/><EventID>7</EventID><Version>0</Version><Level>0</Level><Task>1</Task><Opcode>0</Opcode><Keywords>0x8000000000000000</Keywords><TimeCreated SystemTime='2020-08-24T05:18:03.7165796Z'/><EventRecordID>15</EventRecordID><Correlation/><Execution ProcessID='512' ThreadID='916'/><Channel>Setup</Channel><Computer>hswnpdadvm</Computer><Security UserID='S-1-5-18'/></System><UserData><CbsUpdateChangeState xmlns='http://manifests.microsoft.com/win/2004/08/windows/setup_provider'><UpdateName>IIS-HttpLogging</UpdateName><PackageIdentifier>IIS-WebServer-Package</PackageIdentifier><ErrorCode></ErrorCode><Client>Windows Optional Component Manager</Client></CbsUpdateChangeState></UserData></Event>
<Event xmlns='http://schemas.microsoft.com/win/2004/08/events/event'><System><Provider Name='Microsoft-Windows-Servicing' Guid='{bd12f3b8-fc40-4a61-a307-b7a013a069c1}'/><EventID>7</EventID><Version>0</Version><Level>0</Level><Task>1</Task><Opcode>0</Opcode><Keywords>0x8000000000000000</Keywords><TimeCreated SystemTime='2020-08-24T05:18:03.7169805Z'/><EventRecordID>16</EventRecordID><Correlation/><Execution ProcessID='512' ThreadID='916'/><Channel>Setup</Channel><Computer>hswnpdadvm</Computer><Security UserID='S-1-5-18'/></System><UserData><CbsUpdateChangeState xmlns='http://manifests.microsoft.com/win/2004/08/windows/setup_provider'><UpdateName>IIS-RequestFiltering</UpdateName><PackageIdentifier>IIS-WebServer-Package</PackageIdentifier><ErrorCode></ErrorCode><Client>Windows Optional Component Manager</Client></CbsUpdateChangeState></UserData></Event>
<Event xmlns='http://schemas.microsoft.com/win/2004/08/events/event'><System><Provider Name='Microsoft-Windows-Servicing' Guid='{bd12f3b8-fc40-4a61-a307-b7a013a069c1}'/><EventID>7</EventID><Version>0</Version><Level>0</Level><Task>1</Task><Opcode>0</Opcode><Keywords>0x8000000000000000</Keywords><TimeCreated SystemTime='2020-08-24T05:18:03.7179169Z'/><EventRecordID>17</EventRecordID><Correlation/><Execution ProcessID='512' ThreadID='916'/><Channel>Setup</Channel><Computer>hswnpdadvm</Computer><Security UserID='S-1-5-18'/></System><UserData><CbsUpdateChangeState xmlns='http://manifests.microsoft.com/win/2004/08/windows/setup_provider'><UpdateName>IIS-StaticContent</UpdateName><PackageIdentifier>IIS-WebServer-AddOn-Package</PackageIdentifier><ErrorCode></ErrorCode><Client>Windows Optional Component Manager</Client></CbsUpdateChangeState></UserData></Event>
<Event xmlns='http://schemas.microsoft.com/win/2004/08/events/event'><System><Provider Name='Microsoft-Windows-Servicing' Guid='{bd12f3b8-fc40-4a61-a307-b7a013a069c1}'/><EventID>7</EventID><Version>0</Version><Level>0</Level><Task>1</Task><Opcode>0</Opcode><Keywords>0x8000000000000000</Keywords><TimeCreated SystemTime='2020-08-24T05:18:03.7179182Z'/><EventRecordID>18</EventRecordID><Correlation/><Execution ProcessID='512' ThreadID='916'/><Channel>Setup</Channel><Computer>hswnpdadvm</Computer><Security UserID='S-1-5-18'/></System><UserData><CbsUpdateChangeState xmlns='http://manifests.microsoft.com/win/2004/08/windows/setup_provider'><UpdateName>IIS-DefaultDocument</UpdateName><PackageIdentifier>IIS-WebServer-AddOn-Package</PackageIdentifier><ErrorCode></ErrorCode><Client>Windows Optional Component Manager</Client></CbsUpdateChangeState></UserData></Event>
<Event xmlns='http://schemas.microsoft.com/win/2004/08/events/event'><System><Provider Name='Microsoft-Windows-Servicing' Guid='{bd12f3b8-fc40-4a61-a307-b7a013a069c1}'/><EventID>7</EventID><Version>0</Version><Level>0</Level><Task>1</Task><Opcode>0</Opcode><Keywords>0x8000000000000000</Keywords><TimeCreated SystemTime='2020-08-24T05:18:03.7179192Z'/><EventRecordID>19</EventRecordID><Correlation/><Execution ProcessID='512' ThreadID='916'/><Channel>Setup</Channel><Computer>hswnpdadvm</Computer><Security UserID='S-1-5-18'/></System><UserData><CbsUpdateChangeState xmlns='http://manifests.microsoft.com/win/2004/08/windows/setup_provider'><UpdateName>IIS-DirectoryBrowsing</UpdateName><PackageIdentifier>IIS-WebServer-AddOn-Package</PackageIdentifier><ErrorCode></ErrorCode><Client>Windows Optional Component Manager</Client></CbsUpdateChangeState></UserData></Event>
<Event xmlns='http://schemas.microsoft.com/win/2004/08/events/event'><System><Provider Name='Microsoft-Windows-Servicing' Guid='{bd12f3b8-fc40-4a61-a307-b7a013a069c1}'/><EventID>7</EventID><Version>0</Version><Level>0</Level><Task>1</Task><Opcode>0</Opcode><Keywords>0x8000000000000000</Keywords><TimeCreated SystemTime='2020-08-24T05:18:03.7179232Z'/><EventRecordID>20</EventRecordID><Correlation/><Execution ProcessID='512' ThreadID='916'/><Channel>Setup</Channel><Computer>hswnpdadvm</Computer><Security UserID='S-1-5-18'/></System><UserData><CbsUpdateChangeState xmlns='http://manifests.microsoft.com/win/2004/08/windows/setup_provider'><UpdateName>IIS-HttpCompressionStatic</UpdateName><PackageIdentifier>IIS-WebServer-AddOn-Package</PackageIdentifier><ErrorCode></ErrorCode><Client>Windows Optional Component Manager</Client></CbsUpdateChangeState></UserData></Event>
<Event xmlns='http://schemas.microsoft.com/win/2004/08/events/event'><System><Provider Name='Microsoft-Windows-Servicing' Guid='{bd12f3b8-fc40-4a61-a307-b7a013a069c1}'/><EventID>7</EventID><Version>0</Version><Level>0</Level><Task>1</Task><Opcode>0</Opcode><Keywords>0x8000000000000000</Keywords><TimeCreated SystemTime='2020-08-24T05:18:03.7179240Z'/><EventRecordID>21</EventRecordID><Correlation/><Execution ProcessID='512' ThreadID='916'/><Channel>Setup</Channel><Computer>hswnpdadvm</Computer><Security UserID='S-1-5-18'/></System><UserData><CbsUpdateChangeState xmlns='http://manifests.microsoft.com/win/2004/08/windows/setup_provider'><UpdateName>IIS-ManagementConsole</UpdateName><PackageIdentifier>IIS-WebServer-AddOn-Package</PackageIdentifier><ErrorCode></ErrorCode><Client>Windows Optional Component Manager</Client></CbsUpdateChangeState></UserData></Event>
<Event xmlns='http://schemas.microsoft.com/win/2004/08/events/event'><System><Provider Name='Microsoft-Windows-Servicing' Guid='{bd12f3b8-fc40-4a61-a307-b7a013a069c1}'/><EventID>7</EventID><Version>0</Version><Level>0</Level><Task>1</Task><Opcode>0</Opcode><Keywords>0x8000000000000000</Keywords><TimeCreated SystemTime='2020-08-24T05:18:03.7199361Z'/><EventRecordID>22</EventRecordID><Correlation/><Execution ProcessID='512' ThreadID='916'/><Channel>Setup</Channel><Computer>hswnpdadvm</Computer><Security UserID='S-1-5-18'/></System><UserData><CbsUpdateChangeState xmlns='http://manifests.microsoft.com/win/2004/08/windows/setup_provider'><UpdateName>DirectoryServices-ADAM-Client</UpdateName><PackageIdentifier>Microsoft-Windows-DirectoryServices-ADAM-Client</PackageIdentifier><ErrorCode></ErrorCode><Client>Windows Optional Component Manager</Client></CbsUpdateChangeState></UserData></Event>
<Event xmlns='http://schemas.microsoft.com/win/2004/08/events/event'><System><Provider Name='Microsoft-Windows-Servicing' Guid='{bd12f3b8-fc40-4a61-a307-b7a013a069c1}'/><EventID>9</EventID><Version>0</Version><Level>0</Level><Task>1</Task><Opcode>0</Opcode><Keywords>0x8000000000000000</Keywords><TimeCreated SystemTime='2020-08-24T05:18:24.7128369Z'/><EventRecordID>23</EventRecordID><Correlation/><Execution ProcessID='512' ThreadID='916'/><Channel>Setup</Channel><Computer>hswnpdadvm</Computer><Security UserID='S-1-5-18'/></System><UserData><CbsUpdateChangeState xmlns='http://manifests.microsoft.com/win/2004/08/windows/setup_provider'><UpdateName>IIS-WebServerRole</UpdateName><PackageIdentifier>IIS-WebServer-Package</PackageIdentifier><ErrorCode>0x0</ErrorCode><Client>Windows Optional Component Manager</Client></CbsUpdateChangeState></UserData></Event>
<Event xmlns='http://schemas.microsoft.com/win/2004/08/events/event'><System><Provider Name='Microsoft-Windows-Servicing' Guid='{bd12f3b8-fc40-4a61-a307-b7a013a069c1}'/><EventID>9</EventID><Version>0</Version><Level>0</Level><Task>1</Task><Opcode>0</Opcode><Keywords>0x8000000000000000</Keywords><TimeCreated SystemTime='2020-08-24T05:18:24.7128421Z'/><EventRecordID>24</EventRecordID><Correlation/><Execution ProcessID='512' ThreadID='916'/><Channel>Setup</Channel><Computer>hswnpdadvm</Computer><Security UserID='S-1-5-18'/></System><UserData><CbsUpdateChangeState xmlns='http://manifests.microsoft.com/win/2004/08/windows/setup_provider'><UpdateName>IIS-HttpErrors</UpdateName><PackageIdentifier>IIS-WebServer-Package</PackageIdentifier><ErrorCode>0x0</ErrorCode><Client>Windows Optional Component Manager</Client></CbsUpdateChangeState></UserData></Event>
<Event xmlns='http://schemas.microsoft.com/win/2004/08/events/event'><System><Provider Name='Microsoft-Windows-Servicing' Guid='{bd12f3b8-fc40-4a61-a307-b7a013a069c1}'/><EventID>9</EventID><Version>0</Version><Level>0</Level><Task>1</Task><Opcode>0</Opcode><Keywords>0x8000000000000000</Keywords><TimeCreated SystemTime='2020-08-24T05:18:24.7128506Z'/><EventRecordID>25</EventRecordID><Correlation/><Execution ProcessID='512' ThreadID='916'/><Channel>Setup</Channel><Computer>hswnpdadvm</Computer><Security UserID='S-1-5-18'/></System><UserData><CbsUpdateChangeState xmlns='http://manifests.microsoft.com/win/2004/08/windows/setup_provider'><UpdateName>IIS-HttpLogging</UpdateName><PackageIdentifier>IIS-WebServer-Package</PackageIdentifier><ErrorCode>0x0</ErrorCode><Client>Windows Optional Component Manager</Client></CbsUpdateChangeState></UserData></Event>
<Event xmlns='http://schemas.microsoft.com/win/2004/08/events/event'><System><Provider Name='Microsoft-Windows-Servicing' Guid='{bd12f3b8-fc40-4a61-a307-b7a013a069c1}'/><EventID>9</EventID><Version>0</Version><Level>0</Level><Task>1</Task><Opcode>0</Opcode><Keywords>0x8000000000000000</Keywords><TimeCreated SystemTime='2020-08-24T05:18:24.7128590Z'/><EventRecordID>26</EventRecordID><Correlation/><Execution ProcessID='512' ThreadID='916'/><Channel>Setup</Channel><Computer>hswnpdadvm</Computer><Security UserID='S-1-5-18'/></System><UserData><CbsUpdateChangeState xmlns='http://manifests.microsoft.com/win/2004/08/windows/setup_provider'><UpdateName>IIS-RequestFiltering</UpdateName><PackageIdentifier>IIS-WebServer-Package</PackageIdentifier><ErrorCode>0x0</ErrorCode><Client>Windows Optional Component Manager</Client></CbsUpdateChangeState></UserData></Event>
<Event xmlns='http://schemas.microsoft.com/win/2004/08/events/event'><System><Provider Name='Microsoft-Windows-Servicing' Guid='{bd12f3b8-fc40-4a61-a307-b7a013a069c1}'/><EventID>9</EventID><Version>0</Version><Level>0</Level><Task>1</Task><Opcode>0</Opcode><Keywords>0x8000000000000000</Keywords><TimeCreated SystemTime='2020-08-24T05:18:24.7128906Z'/><EventRecordID>27</EventRecordID><Correlation/><Execution ProcessID='512' ThreadID='916'/><Channel>Setup</Channel><Computer>hswnpdadvm</Computer><Security UserID='S-1-5-18'/></System><UserData><CbsUpdateChangeState xmlns='http://manifests.microsoft.com/win/2004/08/windows/setup_provider'><UpdateName>IIS-StaticContent</UpdateName><PackageIdentifier>IIS-WebServer-AddOn-Package</PackageIdentifier><ErrorCode>0x0</ErrorCode><Client>Windows Optional Component Manager</Client></CbsUpdateChangeState></UserData></Event>
<Event xmlns='http://schemas.microsoft.com/win/2004/08/events/event'><System><Provider Name='Microsoft-Windows-Servicing' Guid='{bd12f3b8-fc40-4a61-a307-b7a013a069c1}'/><EventID>9</EventID><Version>0</Version><Level>0</Level><Task>1</Task><Opcode>0</Opcode><Keywords>0x8000000000000000</Keywords><TimeCreated SystemTime='2020-08-24T05:18:24.7128920Z'/><EventRecordID>28</EventRecordID><Correlation/><Execution ProcessID='512' ThreadID='916'/><Channel>Setup</Channel><Computer>hswnpdadvm</Computer><Security UserID='S-1-5-18'/></System><UserData><CbsUpdateChangeState xmlns='http://manifests.microsoft.com/win/2004/08/windows/setup_provider'><UpdateName>IIS-DefaultDocument</UpdateName><PackageIdentifier>IIS-WebServer-AddOn-Package</PackageIdentifier><ErrorCode>0x0</ErrorCode><Client>Windows Optional Component Manager</Client></CbsUpdateChangeState></UserData></Event>
<Event xmlns='http://schemas.microsoft.com/win/2004/08/events/event'><System><Provider Name='Microsoft-Windows-Servicing' Guid='{bd12f3b8-fc40-4a61-a307-b7a013a069c1}'/><EventID>9</EventID><Version>0</Version><Level>0</Level><Task>1</Task><Opcode>0</Opcode><Keywords>0x8000000000000000</Keywords><TimeCreated SystemTime='2020-08-24T05:18:24.7128933Z'/><EventRecordID>29</EventRecordID><Correlation/><Execution ProcessID='512' ThreadID='916'/><Channel>Setup</Channel><Computer>hswnpdadvm</Computer><Security UserID='S-1-5-18'/></System><UserData><CbsUpdateChangeState xmlns='http://manifests.microsoft.com/win/2004/08/windows/setup_provider'><UpdateName>IIS-DirectoryBrowsing</UpdateName><PackageIdentifier>IIS-WebServer-AddOn-Package</PackageIdentifier><ErrorCode>0x0</ErrorCode><Client>Windows Optional Component Manager</Client></CbsUpdateChangeState></UserData></Event>
<Event xmlns='http://schemas.microsoft.com/win/2004/08/events/event'><System><Provider Name='Microsoft-Windows-Servicing' Guid='{bd12f3b8-fc40-4a61-a307-b7a013a069c1}'/><EventID>9</EventID><Version>0</Version><Level>0</Level><Task>1</Task><Opcode>0</Opcode><Keywords>0x8000000000000000</Keywords><TimeCreated SystemTime='2020-08-24T05:18:24.7129143Z'/><EventRecordID>30</EventRecordID><Correlation/><Execution ProcessID='512' ThreadID='916'/><Channel>Setup</Channel><Computer>hswnpdadvm</Computer><Security UserID='S-1-5-18'/></System><UserData><CbsUpdateChangeState xmlns='http://manifests.microsoft.com/win/2004/08/windows/setup_provider'><UpdateName>IIS-HttpCompressionStatic</UpdateName><PackageIdentifier>IIS-WebServer-AddOn-Package</PackageIdentifier><ErrorCode>0x0</ErrorCode><Client>Windows Optional Component Manager</Client></CbsUpdateChangeState></UserData></Event>
<Event xmlns='http://schemas.microsoft.com/win/2004/08/events/event'><System><Provider Name='Microsoft-Windows-Servicing' Guid='{bd12f3b8-fc40-4a61-a307-b7a013a069c1}'/><EventID>9</EventID><Version>0</Version><Level>0</Level><Task>1</Task><Opcode>0</Opcode><Keywords>0x8000000000000000</Keywords><TimeCreated SystemTime='2020-08-24T05:18:24.7129155Z'/><EventRecordID>31</EventRecordID><Correlation/><Execution ProcessID='512' ThreadID='916'/><Channel>Setup</Channel><Computer>hswnpdadvm</Computer><Security UserID='S-1-5-18'/></System><UserData><CbsUpdateChangeState xmlns='http://manifests.microsoft.com/win/2004/08/windows/setup_provider'><UpdateName>IIS-ManagementConsole</UpdateName><PackageIdentifier>IIS-WebServer-AddOn-Package</PackageIdentifier><ErrorCode>0x0</ErrorCode><Client>Windows Optional Component Manager</Client></CbsUpdateChangeState></UserData></Event>
<Event xmlns='http://schemas.microsoft.com/win/2004/08/events/event'><System><Provider Name='Microsoft-Windows-Servicing' Guid='{bd12f3b8-fc40-4a61-a307-b7a013a069c1}'/><EventID>9</EventID><Version>0</Version><Level>0</Level><Task>1</Task><Opcode>0</Opcode><Keywords>0x8000000000000000</Keywords><TimeCreated SystemTime='2020-08-24T05:18:24.7129745Z'/><EventRecordID>32</EventRecordID><Correlation/><Execution ProcessID='512' ThreadID='916'/><Channel>Setup</Channel><Computer>hswnpdadvm</Computer><Security UserID='S-1-5-18'/></System><UserData><CbsUpdateChangeState xmlns='http://manifests.microsoft.com/win/2004/08/windows/setup_provider'><UpdateName>DirectoryServices-ADAM-Client</UpdateName><PackageIdentifier>Microsoft-Windows-DirectoryServices-ADAM-Client</PackageIdentifier><ErrorCode>0x0</ErrorCode><Client>Windows Optional Component Manager</Client></CbsUpdateChangeState></UserData></Event>
<Event xmlns='http://schemas.microsoft.com/win/2004/08/events/event'><System><Provider Name='Microsoft-Windows-Servicing' Guid='{bd12f3b8-fc40-4a61-a307-b7a013a069c1}'/><EventID>1</EventID><Version>0</Version><Level>0</Level><Task>1</Task><Opcode>0</Opcode><Keywords>0x8000000000000000</Keywords><TimeCreated SystemTime='2020-08-24T05:20:30.9276045Z'/><EventRecordID>33</EventRecordID><Correlation/><Execution ProcessID='512' ThreadID='916'/><Channel>Setup</Channel><Computer>hswnpdadvm</Computer><Security UserID='S-1-5-18'/></System><UserData><CbsPackageInitiateChanges xmlns='http://manifests.microsoft.com/win/2004/08/windows/setup_provider'><PackageIdentifier>KB4566782</PackageIdentifier><InitialPackageState>5112</InitialPackageState><InitialPackageStateTextized>Installed</InitialPackageStateTextized><IntendedPackageState>5112</IntendedPackageState><IntendedPackageStateTextized>Installed</IntendedPackageStateTextized><Client>LCUReservicing</Client></CbsPackageInitiateChanges></UserData></Event>
<Event xmlns='http://schemas.microsoft.com/win/2004/08/events/event'><System><Provider Name='Microsoft-Windows-Servicing' Guid='{bd12f3b8-fc40-4a61-a307-b7a013a069c1}'/><EventID>2</EventID><Version>0</Version><Level>0</Level><Task>1</Task><Opcode>0</Opcode><Keywords>0x8000000000000000</Keywords><TimeCreated SystemTime='2020-08-24T05:20:32.5276394Z'/><EventRecordID>34</EventRecordID><Correlation/><Execution ProcessID='512' ThreadID='916'/><Channel>Setup</Channel><Computer>hswnpdadvm</Computer><Security UserID='S-1-5-18'/></System><UserData><CbsPackageChangeState xmlns='http://manifests.microsoft.com/win/2004/08/windows/setup_provider'><PackageIdentifier>KB4566782</PackageIdentifier><IntendedPackageState>5112</IntendedPackageState><IntendedPackageStateTextized>Installed</IntendedPackageStateTextized><ErrorCode>0x0</ErrorCode><Client>LCUReservicing</Client></CbsPackageChangeState></UserData></Event>
